#,rptdate,applications,residential,rwa,totalhouseholds,upto_10_kw,above_10_kw,installations,inspection,subsidyredeemed
1,2026-02-09,6.0,1.0,0.0,0.0,1.0,0.0,1.0,37.0,6.0
2,2026-02-08,9017.0,2479.0,1.0,72.0,2477.0,3.0,2480.0,1009.0,2660.0
3,2026-02-07,20625.0,6536.0,20.0,967.0,6541.0,15.0,6556.0,5965.0,7305.0
4,2026-02-06,23297.0,7841.0,27.0,1783.0,7840.0,28.0,7868.0,8424.0,9630.0
5,2026-02-05,20308.0,7551.0,26.0,1485.0,7555.0,22.0,7577.0,8899.0,10077.0
6,2026-02-04,17723.0,6863.0,38.0,2355.0,6865.0,36.0,6901.0,8207.0,6651.0
7,2026-02-03,16573.0,6367.0,23.0,1218.0,6378.0,12.0,6390.0,8439.0,5442.0
8,2026-02-02,17720.0,7231.0,26.0,2474.0,7232.0,25.0,7257.0,10082.0,6723.0
9,2026-02-01,5489.0,2401.0,1.0,10.0,2402.0,0.0,2402.0,1276.0,2249.0
10,2026-01-31,17839.0,7912.0,26.0,890.0,7925.0,13.0,7938.0,6683.0,6413.0
11,2026-01-30,17622.0,8695.0,47.0,1713.0,8712.0,30.0,8742.0,9481.0,8318.0
12,2026-01-29,18413.0,8587.0,23.0,644.0,8597.0,13.0,8610.0,9994.0,10907.0
13,2026-01-28,16562.0,8185.0,27.0,1360.0,8189.0,23.0,8212.0,9729.0,8140.0
14,2026-01-27,17071.0,7422.0,16.0,884.0,7420.0,18.0,7438.0,10126.0,7658.0
15,2026-01-26,10267.0,3858.0,5.0,135.0,3858.0,5.0,3863.0,1236.0,2925.0
16,2026-01-25,7837.0,2023.0,6.0,317.0,2026.0,3.0,2029.0,778.0,2027.0
17,2026-01-24,22000.0,6479.0,18.0,685.0,6483.0,14.0,6497.0,4405.0,7524.0
18,2026-01-23,20123.0,7112.0,34.0,1221.0,7128.0,18.0,7146.0,7523.0,7065.0
19,2026-01-22,21767.0,7805.0,26.0,1052.0,7816.0,15.0,7831.0,6791.0,4253.0
20,2026-01-21,23055.0,7378.0,18.0,682.0,7382.0,14.0,7396.0,7513.0,5252.0
21,2026-01-20,23789.0,7160.0,34.0,2027.0,7173.0,21.0,7194.0,7999.0,4519.0
22,2026-01-19,16297.0,7831.0,22.0,1074.0,7833.0,20.0,7853.0,8426.0,5156.0
23,2026-01-18,10438.0,2407.0,2.0,99.0,2408.0,1.0,2409.0,1322.0,1472.0
24,2026-01-17,13856.0,6429.0,28.0,1451.0,6438.0,19.0,6457.0,5941.0,5152.0
25,2026-01-16,11632.0,6555.0,26.0,1469.0,6559.0,22.0,6581.0,8711.0,5602.0
26,2026-01-15,12413.0,5175.0,10.0,269.0,5176.0,9.0,5185.0,4861.0,4752.0
27,2026-01-14,10469.0,4738.0,12.0,660.0,4739.0,11.0,4750.0,4418.0,4586.0
28,2026-01-13,13207.0,7271.0,26.0,1696.0,7273.0,24.0,7297.0,8197.0,7434.0
29,2026-01-12,14492.0,7218.0,22.0,2326.0,7225.0,15.0,7240.0,10945.0,7343.0
30,2026-01-11,5961.0,2320.0,2.0,39.0,2322.0,0.0,2322.0,859.0,1666.0
31,2026-01-10,11335.0,6035.0,24.0,598.0,6050.0,9.0,6059.0,2237.0,5741.0
32,2026-01-09,13430.0,6990.0,20.0,1045.0,6997.0,13.0,7010.0,8330.0,7446.0
33,2026-01-08,14376.0,7511.0,29.0,1176.0,7521.0,19.0,7540.0,8522.0,8227.0
34,2026-01-07,15707.0,7412.0,27.0,1548.0,7426.0,13.0,7439.0,8288.0,7629.0
35,2026-01-06,14900.0,7967.0,46.0,1765.0,7989.0,24.0,8013.0,9874.0,8182.0
36,2026-01-05,15776.0,7221.0,41.0,1614.0,7226.0,36.0,7262.0,8249.0,7017.0
37,2026-01-04,5908.0,2369.0,9.0,436.0,2367.0,11.0,2378.0,640.0,1900.0
38,2026-01-03,11841.0,6563.0,24.0,1349.0,6572.0,15.0,6587.0,4460.0,7206.0
39,2026-01-02,12942.0,6738.0,34.0,2228.0,6753.0,19.0,6772.0,6782.0,6932.0
40,2026-01-01,7708.0,4606.0,28.0,1662.0,4624.0,10.0,4634.0,6005.0,4491.0
41,2025-12-31,11775.0,7835.0,19.0,771.0,7843.0,11.0,7854.0,7554.0,6851.0
42,2025-12-30,14291.0,7682.0,30.0,13659.0,7687.0,25.0,7712.0,8045.0,8662.0
43,2025-12-29,12680.0,6951.0,23.0,1040.0,6958.0,16.0,6974.0,9247.0,5653.0
44,2025-12-28,4818.0,1902.0,2.0,21.0,1902.0,2.0,1904.0,851.0,1064.0
45,2025-12-27,10651.0,5916.0,14.0,2015.0,5920.0,10.0,5930.0,3195.0,4333.0
46,2025-12-26,11085.0,7066.0,26.0,1037.0,7073.0,19.0,7092.0,8254.0,4951.0
47,2025-12-25,10116.0,5977.0,23.0,840.0,5978.0,22.0,6000.0,1558.0,4604.0
48,2025-12-24,11597.0,6897.0,37.0,2178.0,6907.0,27.0,6934.0,6534.0,6135.0
49,2025-12-23,12827.0,7721.0,21.0,1070.0,7723.0,19.0,7742.0,7300.0,7157.0
50,2025-12-22,12461.0,7006.0,35.0,4888.0,7021.0,20.0,7041.0,8925.0,6921.0
51,2025-12-21,5718.0,2092.0,5.0,885.0,2092.0,5.0,2097.0,773.0,1840.0
52,2025-12-20,10673.0,6013.0,19.0,802.0,6022.0,10.0,6032.0,4854.0,5983.0
53,2025-12-19,11397.0,6808.0,28.0,1098.0,6818.0,18.0,6836.0,7500.0,6825.0
54,2025-12-18,12181.0,7152.0,27.0,837.0,7161.0,18.0,7179.0,7162.0,6680.0
55,2025-12-17,12328.0,6889.0,25.0,697.0,6901.0,13.0,6914.0,7318.0,6879.0
56,2025-12-16,12016.0,6795.0,33.0,1318.0,6801.0,27.0,6828.0,7651.0,6300.0
57,2025-12-15,11956.0,6660.0,22.0,1733.0,6666.0,16.0,6682.0,7397.0,5852.0
58,2025-12-14,5434.0,2061.0,9.0,318.0,2059.0,11.0,2070.0,819.0,1423.0
59,2025-12-13,9985.0,4891.0,7.0,339.0,4892.0,6.0,4898.0,2133.0,4993.0
60,2025-12-12,10492.0,5368.0,26.0,1773.0,5374.0,20.0,5394.0,6828.0,6534.0
61,2025-12-11,11517.0,6315.0,23.0,675.0,6330.0,8.0,6338.0,6501.0,6873.0
62,2025-12-10,11624.0,6360.0,32.0,1495.0,6372.0,20.0,6392.0,6826.0,6457.0
63,2025-12-09,11681.0,6886.0,23.0,707.0,6890.0,19.0,6909.0,7792.0,6553.0
64,2025-12-08,11689.0,6695.0,23.0,1128.0,6706.0,12.0,6718.0,8509.0,6163.0
65,2025-12-07,5102.0,2125.0,5.0,571.0,2123.0,7.0,2130.0,620.0,1569.0
66,2025-12-06,9499.0,6007.0,15.0,507.0,6014.0,8.0,6022.0,4497.0,5474.0
67,2025-12-05,9399.0,5762.0,19.0,1442.0,5765.0,16.0,5781.0,5265.0,5808.0
68,2025-12-04,10061.0,6470.0,26.0,1236.0,6473.0,23.0,6496.0,5858.0,6456.0
69,2025-12-03,8169.0,4931.0,24.0,1624.0,4940.0,15.0,4955.0,6230.0,5543.0
70,2025-12-02,8989.0,4896.0,19.0,828.0,4903.0,12.0,4915.0,6357.0,5429.0
71,2025-12-01,9951.0,6164.0,23.0,1277.0,6175.0,12.0,6187.0,8014.0,6534.0
72,2025-11-30,3755.0,3058.0,3.0,100.0,3058.0,3.0,3061.0,1755.0,1640.0
73,2025-11-29,8748.0,6388.0,23.0,922.0,6391.0,20.0,6411.0,5341.0,5292.0
74,2025-11-28,9425.0,6812.0,48.0,2455.0,6834.0,26.0,6860.0,6304.0,6148.0
75,2025-11-27,9911.0,6912.0,24.0,672.0,6924.0,12.0,6936.0,7052.0,6370.0
76,2025-11-26,9582.0,6765.0,19.0,800.0,6772.0,12.0,6784.0,7346.0,6463.0
77,2025-11-25,9657.0,7257.0,35.0,1631.0,7266.0,26.0,7292.0,6102.0,6152.0
78,2025-11-24,9423.0,6159.0,29.0,1456.0,6168.0,20.0,6188.0,6802.0,6317.0
79,2025-11-23,4171.0,1.0,0.0,0.0,1.0,0.0,1.0,356.0,1408.0
80,2025-11-22,8323.0,5281.0,18.0,713.0,5291.0,8.0,5299.0,3312.0,5574.0
81,2025-11-21,8969.0,6058.0,17.0,1008.0,6065.0,10.0,6075.0,6488.0,6155.0
82,2025-11-20,9842.0,6701.0,37.0,2620.0,6703.0,35.0,6738.0,7140.0,6042.0
83,2025-11-19,9506.0,6276.0,28.0,3050.0,6278.0,26.0,6304.0,7216.0,6314.0
84,2025-11-18,9939.0,6545.0,39.0,2860.0,6569.0,15.0,6584.0,7231.0,6220.0
85,2025-11-17,9865.0,6316.0,41.0,2028.0,6340.0,17.0,6357.0,7759.0,5791.0
86,2025-11-16,4407.0,1788.0,2.0,94.0,1788.0,2.0,1790.0,791.0,1577.0
87,2025-11-15,9067.0,5537.0,19.0,960.0,5545.0,11.0,5556.0,4428.0,5271.0
88,2025-11-14,9737.0,6107.0,27.0,1150.0,6119.0,15.0,6134.0,6830.0,6233.0
89,2025-11-13,10416.0,6499.0,31.0,1265.0,6510.0,20.0,6530.0,6500.0,6982.0
90,2025-11-12,10335.0,6423.0,33.0,1413.0,6440.0,16.0,6456.0,7251.0,6522.0
91,2025-11-11,11424.0,6633.0,23.0,1200.0,6636.0,20.0,6656.0,7074.0,6480.0
92,2025-11-10,11284.0,5882.0,33.0,1880.0,5890.0,25.0,5915.0,7679.0,4867.0
93,2025-11-09,6068.0,1735.0,3.0,56.0,1733.0,5.0,1738.0,715.0,1312.0
94,2025-11-08,12191.0,4858.0,18.0,1281.0,4862.0,14.0,4876.0,2364.0,4789.0
95,2025-11-07,13251.0,5744.0,39.0,1849.0,5758.0,25.0,5783.0,6778.0,5896.0
96,2025-11-06,12507.0,6234.0,42.0,1739.0,6256.0,20.0,6276.0,8261.0,5192.0
97,2025-11-05,10964.0,5566.0,17.0,804.0,5572.0,11.0,5583.0,2238.0,4332.0
98,2025-11-04,10142.0,6022.0,22.0,1474.0,6035.0,9.0,6044.0,6081.0,6237.0
99,2025-11-03,10134.0,5733.0,19.0,673.0,5738.0,14.0,5752.0,6745.0,5979.0
100,2025-11-02,4458.0,1804.0,1.0,471.0,1804.0,1.0,1805.0,798.0,1483.0
101,2025-11-01,6458.0,5041.0,25.0,848.0,5055.0,11.0,5066.0,4078.0,4885.0
102,2025-10-31,8902.0,6103.0,23.0,1184.0,6112.0,14.0,6126.0,5422.0,5970.0
103,2025-10-30,8965.0,6017.0,29.0,1967.0,6021.0,25.0,6046.0,6960.0,6700.0
104,2025-10-29,9742.0,6532.0,33.0,2727.0,6540.0,25.0,6565.0,7792.0,6678.0
105,2025-10-28,10206.0,6331.0,28.0,940.0,6342.0,17.0,6359.0,6161.0,6117.0
106,2025-10-27,9311.0,6297.0,20.0,690.0,6307.0,10.0,6317.0,7041.0,5542.0
107,2025-10-26,4824.0,1886.0,3.0,62.0,1888.0,1.0,1889.0,754.0,1371.0
108,2025-10-25,8075.0,4951.0,8.0,531.0,4951.0,8.0,4959.0,3651.0,4243.0
109,2025-10-24,7445.0,4635.0,6.0,124.0,4631.0,10.0,4641.0,5272.0,4554.0
110,2025-10-23,5881.0,3286.0,6.0,1089.0,3285.0,7.0,3292.0,2269.0,2733.0
111,2025-10-22,5118.0,2790.0,2.0,56.0,2785.0,7.0,2792.0,2260.0,2515.0
112,2025-10-21,3817.0,2133.0,5.0,202.0,2132.0,6.0,2138.0,2101.0,1875.0
113,2025-10-20,2637.0,1557.0,5.0,133.0,1558.0,4.0,1562.0,678.0,1255.0
114,2025-10-19,2852.0,1369.0,2.0,68.0,1369.0,2.0,1371.0,366.0,1348.0
115,2025-10-18,6031.0,4595.0,12.0,728.0,4596.0,11.0,4607.0,4667.0,4564.0
116,2025-10-17,8554.0,7786.0,38.0,1569.0,7798.0,26.0,7824.0,6951.0,6296.0
117,2025-10-16,9649.0,8550.0,37.0,1469.0,8566.0,21.0,8587.0,5901.0,6167.0
118,2025-10-15,6856.0,3325.0,14.0,898.0,3329.0,10.0,3339.0,5114.0,2932.0
119,2025-10-14,9836.0,7255.0,49.0,2367.0,7269.0,35.0,7304.0,5984.0,5288.0
120,2025-10-13,9775.0,5053.0,32.0,1176.0,5071.0,14.0,5085.0,7545.0,4818.0
121,2025-10-12,4289.0,1385.0,8.0,182.0,1393.0,0.0,1393.0,405.0,1099.0
122,2025-10-11,8348.0,3440.0,17.0,866.0,3450.0,7.0,3457.0,1278.0,3862.0
123,2025-10-10,8682.0,3427.0,19.0,1009.0,3428.0,18.0,3446.0,3669.0,4136.0
124,2025-10-09,9310.0,3332.0,16.0,655.0,3333.0,15.0,3348.0,4034.0,4885.0
125,2025-10-08,9175.0,3097.0,5.0,122.0,3095.0,7.0,3102.0,5915.0,5374.0
126,2025-10-07,8723.0,2595.0,16.0,746.0,2599.0,12.0,2611.0,5049.0,4619.0
127,2025-10-06,9219.0,5204.0,22.0,913.0,5205.0,21.0,5226.0,6413.0,5099.0
128,2025-10-05,4217.0,1773.0,3.0,102.0,1774.0,2.0,1776.0,538.0,1253.0
129,2025-10-04,7816.0,4706.0,15.0,897.0,4713.0,8.0,4721.0,4276.0,4525.0
130,2025-10-03,7489.0,5076.0,26.0,722.0,5092.0,10.0,5102.0,5576.0,4706.0
131,2025-10-02,3942.0,1882.0,2.0,51.0,1882.0,2.0,1884.0,759.0,1593.0
132,2025-10-01,5892.0,3856.0,25.0,1922.0,3862.0,19.0,3881.0,2621.0,3586.0
133,2025-09-30,7334.0,5317.0,17.0,782.0,5321.0,13.0,5334.0,4817.0,4767.0
134,2025-09-29,8271.0,5567.0,26.0,1063.0,5568.0,25.0,5593.0,6384.0,4932.0
135,2025-09-28,3831.0,1846.0,5.0,106.0,1850.0,1.0,1851.0,690.0,1467.0
136,2025-09-27,8130.0,4637.0,8.0,604.0,4630.0,15.0,4645.0,2984.0,4165.0
137,2025-09-26,9338.0,5464.0,30.0,1295.0,5473.0,21.0,5494.0,6336.0,5702.0
138,2025-09-25,8808.0,5639.0,24.0,1429.0,5646.0,17.0,5663.0,6211.0,5781.0
139,2025-09-24,8786.0,5555.0,28.0,1288.0,5562.0,21.0,5583.0,6030.0,6224.0
140,2025-09-23,8862.0,5191.0,15.0,1101.0,5195.0,11.0,5206.0,6235.0,6938.0
141,2025-09-22,8823.0,5044.0,24.0,996.0,5055.0,13.0,5068.0,5933.0,5056.0
142,2025-09-21,3553.0,1442.0,4.0,294.0,1445.0,1.0,1446.0,733.0,978.0
143,2025-09-20,7988.0,4202.0,16.0,796.0,4206.0,12.0,4218.0,4231.0,3731.0
144,2025-09-19,9417.0,5016.0,20.0,663.0,5022.0,14.0,5036.0,5870.0,4973.0
145,2025-09-18,10009.0,5531.0,15.0,424.0,5535.0,11.0,5546.0,6146.0,5418.0
146,2025-09-17,7946.0,4776.0,21.0,611.0,4785.0,12.0,4797.0,4905.0,5916.0
147,2025-09-16,8410.0,5948.0,26.0,840.0,5965.0,9.0,5974.0,7673.0,6482.0
148,2025-09-15,7832.0,5168.0,20.0,931.0,5174.0,14.0,5188.0,7019.0,4979.0
149,2025-09-14,3996.0,1770.0,3.0,59.0,1771.0,2.0,1773.0,731.0,1068.0
150,2025-09-13,7225.0,4386.0,18.0,595.0,4394.0,10.0,4404.0,1307.0,3950.0
151,2025-09-12,7805.0,5511.0,40.0,1424.0,5524.0,27.0,5551.0,4922.0,4971.0
152,2025-09-11,8355.0,5702.0,29.0,1775.0,5703.0,28.0,5731.0,5366.0,5188.0
153,2025-09-10,8286.0,5539.0,18.0,912.0,5538.0,19.0,5557.0,6036.0,5610.0
154,2025-09-09,8358.0,5995.0,46.0,2147.0,6011.0,30.0,6041.0,6127.0,6167.0
155,2025-09-08,7851.0,5126.0,40.0,1334.0,5145.0,21.0,5166.0,6017.0,4984.0
156,2025-09-07,3110.0,1589.0,2.0,37.0,1589.0,2.0,1591.0,583.0,1182.0
157,2025-09-06,5152.0,3285.0,8.0,399.0,3282.0,11.0,3293.0,3761.0,2785.0
158,2025-09-05,5348.0,3460.0,23.0,1151.0,3468.0,15.0,3483.0,1332.0,3137.0
159,2025-09-04,6822.0,4661.0,34.0,1402.0,4669.0,26.0,4695.0,4376.0,4850.0
160,2025-09-03,7316.0,5294.0,31.0,987.0,5309.0,16.0,5325.0,6140.0,5331.0
161,2025-09-02,7150.0,5166.0,25.0,853.0,5178.0,13.0,5191.0,5349.0,5043.0
162,2025-09-01,7368.0,5078.0,30.0,1277.0,5096.0,12.0,5108.0,4844.0,5437.0
163,2025-08-31,3579.0,1776.0,1.0,28.0,1776.0,1.0,1777.0,884.0,1695.0
164,2025-08-30,6537.0,4438.0,24.0,1199.0,4444.0,18.0,4462.0,4325.0,5197.0
165,2025-08-29,7314.0,5221.0,29.0,1530.0,5229.0,21.0,5250.0,5918.0,6365.0
166,2025-08-28,7000.0,4916.0,23.0,1103.0,4924.0,15.0,4939.0,4940.0,4052.0
167,2025-08-27,5934.0,3982.0,9.0,172.0,3987.0,4.0,3991.0,3495.0,3824.0
168,2025-08-26,7606.0,5366.0,46.0,2142.0,5395.0,17.0,5412.0,6592.0,5685.0
169,2025-08-25,7054.0,4945.0,27.0,1626.0,4947.0,25.0,4972.0,5931.0,4682.0
170,2025-08-24,3558.0,1572.0,2.0,64.0,1574.0,0.0,1574.0,900.0,1317.0
171,2025-08-23,6790.0,4644.0,26.0,1635.0,4652.0,18.0,4670.0,3249.0,4577.0
172,2025-08-22,7428.0,5182.0,28.0,957.0,5189.0,21.0,5210.0,5980.0,5805.0
173,2025-08-21,7676.0,5769.0,26.0,1568.0,5776.0,19.0,5795.0,6435.0,6223.0
174,2025-08-20,7925.0,5553.0,57.0,2019.0,5586.0,24.0,5610.0,6878.0,6220.0
175,2025-08-19,8374.0,5783.0,33.0,1048.0,5791.0,25.0,5816.0,5926.0,5561.0
176,2025-08-18,7472.0,4870.0,29.0,1080.0,4879.0,20.0,4899.0,6644.0,4729.0
177,2025-08-17,3356.0,1465.0,3.0,130.0,1465.0,3.0,1468.0,817.0,916.0
178,2025-08-16,5764.0,3198.0,13.0,700.0,3201.0,10.0,3211.0,1314.0,2735.0
179,2025-08-15,3378.0,1759.0,2.0,110.0,1760.0,1.0,1761.0,714.0,1899.0
180,2025-08-14,6892.0,4836.0,20.0,762.0,4840.0,16.0,4856.0,5353.0,5170.0
181,2025-08-13,7096.0,5507.0,30.0,1918.0,5500.0,37.0,5537.0,5500.0,5658.0
182,2025-08-12,8069.0,5627.0,23.0,1629.0,5635.0,15.0,5650.0,6389.0,5918.0
183,2025-08-11,7247.0,5146.0,21.0,1870.0,5148.0,19.0,5167.0,6753.0,5952.0
184,2025-08-10,2802.0,1355.0,3.0,42.0,1357.0,1.0,1358.0,554.0,1230.0
185,2025-08-09,2628.0,1751.0,4.0,192.0,1750.0,5.0,1755.0,364.0,1812.0
186,2025-08-08,6151.0,4872.0,35.0,1801.0,4887.0,20.0,4907.0,5279.0,5231.0
187,2025-08-07,7259.0,5243.0,26.0,812.0,5250.0,19.0,5269.0,5946.0,5710.0
188,2025-08-06,7524.0,5421.0,26.0,1132.0,5425.0,22.0,5447.0,5951.0,5530.0
189,2025-08-05,6837.0,5303.0,19.0,782.0,5309.0,13.0,5322.0,6350.0,5516.0
190,2025-08-04,7278.0,5217.0,22.0,1195.0,5222.0,17.0,5239.0,6631.0,5333.0
191,2025-08-03,3129.0,1545.0,5.0,310.0,1540.0,10.0,1550.0,720.0,1155.0
192,2025-08-02,6388.0,4695.0,23.0,1013.0,4705.0,13.0,4718.0,3726.0,4262.0
193,2025-08-01,6699.0,5149.0,27.0,1694.0,5165.0,11.0,5176.0,5344.0,5099.0
194,2025-07-31,7257.0,5475.0,21.0,972.0,5481.0,15.0,5496.0,5279.0,5225.0
195,2025-07-30,7299.0,5650.0,31.0,1105.0,5662.0,19.0,5681.0,6232.0,5995.0
196,2025-07-29,7994.0,5525.0,42.0,2012.0,5540.0,27.0,5567.0,6161.0,5818.0
197,2025-07-28,7248.0,5749.0,36.0,1446.0,5760.0,25.0,5785.0,7587.0,5414.0
198,2025-07-27,2903.0,1746.0,3.0,65.0,1745.0,4.0,1749.0,515.0,1116.0
199,2025-07-26,4032.0,3664.0,14.0,587.0,3671.0,7.0,3678.0,2891.0,3530.0
200,2025-07-25,7178.0,5500.0,44.0,1704.0,5515.0,29.0,5544.0,5557.0,5615.0
201,2025-07-24,7340.0,5366.0,30.0,1299.0,5373.0,23.0,5396.0,5321.0,5866.0
202,2025-07-23,7537.0,5390.0,34.0,2288.0,5407.0,17.0,5424.0,6056.0,5709.0
203,2025-07-22,7650.0,5618.0,35.0,1882.0,5620.0,33.0,5653.0,6066.0,5374.0
204,2025-07-21,7972.0,5649.0,47.0,1871.0,5675.0,21.0,5696.0,7030.0,5911.0
205,2025-07-20,3445.0,1616.0,1.0,12.0,1617.0,0.0,1617.0,594.0,1183.0
206,2025-07-19,6969.0,4988.0,29.0,947.0,5000.0,17.0,5017.0,4625.0,4590.0
207,2025-07-18,7565.0,5733.0,28.0,1249.0,5743.0,18.0,5761.0,5224.0,5167.0
208,2025-07-17,7781.0,5856.0,57.0,2513.0,5876.0,37.0,5913.0,5410.0,5639.0
209,2025-07-16,8348.0,5703.0,64.0,2410.0,5733.0,34.0,5767.0,5731.0,5538.0
210,2025-07-15,7931.0,5660.0,45.0,2077.0,5686.0,19.0,5705.0,6080.0,5797.0
211,2025-07-14,8011.0,5427.0,38.0,1752.0,5440.0,25.0,5465.0,7266.0,5282.0
212,2025-07-13,3339.0,1415.0,1.0,8.0,1414.0,2.0,1416.0,798.0,1142.0
213,2025-07-12,6225.0,4171.0,24.0,1267.0,4171.0,24.0,4195.0,1280.0,4122.0
214,2025-07-11,7477.0,5184.0,51.0,2194.0,5209.0,26.0,5235.0,5223.0,5897.0
215,2025-07-10,7715.0,5159.0,43.0,2772.0,5171.0,31.0,5202.0,5716.0,5779.0
216,2025-07-09,7552.0,5071.0,38.0,1976.0,5085.0,24.0,5109.0,3969.0,4637.0
217,2025-07-08,7712.0,5215.0,38.0,1473.0,5232.0,21.0,5253.0,5723.0,3914.0
218,2025-07-07,7756.0,5376.0,43.0,1323.0,5397.0,22.0,5419.0,6464.0,4396.0
219,2025-07-06,3134.0,1527.0,2.0,298.0,1526.0,3.0,1529.0,407.0,1003.0
220,2025-07-05,6828.0,4741.0,29.0,1400.0,4744.0,26.0,4770.0,3579.0,3894.0
221,2025-07-04,7882.0,5428.0,39.0,1818.0,5440.0,27.0,5467.0,4864.0,4769.0
222,2025-07-03,7133.0,5396.0,40.0,2218.0,5416.0,20.0,5436.0,5607.0,4768.0
223,2025-07-02,6989.0,5498.0,47.0,2012.0,5517.0,28.0,5545.0,5911.0,4649.0
224,2025-07-01,6994.0,5559.0,52.0,1959.0,5581.0,30.0,5611.0,4774.0,4605.0
225,2025-06-30,7039.0,5591.0,48.0,1871.0,5620.0,19.0,5639.0,5753.0,4435.0
226,2025-06-29,3677.0,1142.0,1.0,30.0,1142.0,1.0,1143.0,546.0,942.0
227,2025-06-28,7848.0,2523.0,15.0,496.0,2535.0,3.0,2538.0,2814.0,4028.0
228,2025-06-27,7804.0,3156.0,9.0,351.0,3154.0,11.0,3165.0,4921.0,4608.0
229,2025-06-26,9644.0,3851.0,22.0,1782.0,3859.0,14.0,3873.0,5553.0,5171.0
230,2025-06-25,12262.0,4147.0,18.0,580.0,4151.0,14.0,4165.0,6182.0,5224.0
231,2025-06-24,15606.0,4248.0,25.0,767.0,4257.0,16.0,4273.0,5509.0,4449.0
232,2025-06-23,17876.0,3947.0,18.0,546.0,3952.0,13.0,3965.0,5607.0,4727.0
233,2025-06-22,11808.0,1325.0,0.0,0.0,1323.0,2.0,1325.0,327.0,1164.0
234,2025-06-21,19104.0,3615.0,23.0,849.0,3624.0,14.0,3638.0,3495.0,4273.0
235,2025-06-20,18734.0,4083.0,21.0,1151.0,4093.0,11.0,4104.0,5258.0,3660.0
236,2025-06-19,17512.0,4298.0,14.0,610.0,4304.0,8.0,4312.0,5157.0,4340.0
237,2025-06-18,17847.0,4403.0,18.0,893.0,4403.0,18.0,4421.0,5541.0,4327.0
238,2025-06-17,18364.0,4246.0,21.0,890.0,4251.0,16.0,4267.0,5383.0,3957.0
239,2025-06-16,18222.0,4155.0,17.0,460.0,4161.0,11.0,4172.0,5365.0,3085.0
240,2025-06-15,10829.0,1232.0,0.0,0.0,1232.0,0.0,1232.0,618.0,848.0
241,2025-06-14,11219.0,3521.0,10.0,944.0,3521.0,10.0,3531.0,1273.0,3510.0
242,2025-06-13,10550.0,4246.0,19.0,813.0,4247.0,18.0,4265.0,5489.0,5220.0
243,2025-06-12,10011.0,4323.0,26.0,1416.0,4326.0,23.0,4349.0,5702.0,5632.0
244,2025-06-11,9005.0,4298.0,25.0,1543.0,4306.0,17.0,4323.0,5946.0,5141.0
245,2025-06-10,7844.0,4071.0,14.0,1218.0,4069.0,16.0,4085.0,6323.0,4997.0
246,2025-06-09,6755.0,3787.0,20.0,955.0,3795.0,12.0,3807.0,5411.0,3866.0
247,2025-06-08,2723.0,1089.0,3.0,187.0,1089.0,3.0,1092.0,655.0,803.0
248,2025-06-07,4271.0,2818.0,9.0,475.0,2822.0,5.0,2827.0,1216.0,2901.0
249,2025-06-06,6243.0,3780.0,18.0,1254.0,3781.0,17.0,3798.0,4938.0,4252.0
250,2025-06-05,6808.0,4238.0,20.0,832.0,4238.0,20.0,4258.0,4538.0,4665.0
251,2025-06-04,6888.0,4325.0,23.0,1252.0,4328.0,20.0,4348.0,5109.0,4909.0
252,2025-06-03,7238.0,3957.0,18.0,645.0,3957.0,18.0,3975.0,5076.0,4730.0
253,2025-06-02,7242.0,4214.0,29.0,1237.0,4220.0,23.0,4243.0,5528.0,4260.0
254,2025-06-01,3023.0,1354.0,3.0,57.0,1354.0,3.0,1357.0,346.0,920.0
255,2025-05-31,5937.0,3709.0,10.0,245.0,3710.0,9.0,3719.0,3888.0,3784.0
256,2025-05-30,5905.0,4158.0,13.0,712.0,4158.0,13.0,4171.0,4504.0,4383.0
257,2025-05-29,6535.0,4277.0,17.0,698.0,4279.0,15.0,4294.0,4785.0,4790.0
258,2025-05-28,6148.0,4314.0,38.0,3386.0,4324.0,28.0,4352.0,5295.0,4898.0
259,2025-05-27,6879.0,4290.0,27.0,932.0,4299.0,18.0,4317.0,5366.0,5114.0
260,2025-05-26,6057.0,3840.0,19.0,770.0,3842.0,17.0,3859.0,4830.0,3719.0
261,2025-05-25,2614.0,1282.0,4.0,103.0,1285.0,1.0,1286.0,387.0,975.0
262,2025-05-24,5414.0,3830.0,7.0,457.0,3827.0,10.0,3837.0,2683.0,3786.0
263,2025-05-23,6217.0,4161.0,21.0,688.0,4170.0,12.0,4182.0,5101.0,4988.0
264,2025-05-22,6781.0,4229.0,26.0,968.0,4238.0,17.0,4255.0,4965.0,5053.0
265,2025-05-21,6841.0,4150.0,17.0,633.0,4154.0,13.0,4167.0,4895.0,4944.0
266,2025-05-20,6491.0,4052.0,18.0,404.0,4058.0,12.0,4070.0,5251.0,4858.0
267,2025-05-19,6855.0,3838.0,25.0,1483.0,3837.0,26.0,3863.0,5885.0,4793.0
268,2025-05-18,3167.0,1165.0,6.0,194.0,1167.0,4.0,1171.0,611.0,1124.0
269,2025-05-17,6227.0,3648.0,5.0,236.0,3642.0,11.0,3653.0,3876.0,4148.0
270,2025-05-16,6353.0,4011.0,13.0,473.0,4012.0,12.0,4024.0,5542.0,4892.0
271,2025-05-15,6976.0,4361.0,29.0,1059.0,4367.0,23.0,4390.0,5116.0,4936.0
272,2025-05-14,6397.0,4305.0,41.0,1882.0,4321.0,25.0,4346.0,5972.0,5294.0
273,2025-05-13,5971.0,4286.0,36.0,1929.0,4295.0,27.0,4322.0,5854.0,4097.0
274,2025-05-12,6286.0,4020.0,34.0,1417.0,4025.0,29.0,4054.0,3503.0,2891.0
275,2025-05-11,2542.0,1079.0,2.0,124.0,1078.0,3.0,1081.0,235.0,644.0
276,2025-05-10,5086.0,3337.0,21.0,1109.0,3341.0,17.0,3358.0,1014.0,2902.0
277,2025-05-09,5561.0,3669.0,18.0,688.0,3672.0,15.0,3687.0,4676.0,4341.0
278,2025-05-08,6060.0,4040.0,32.0,1229.0,4054.0,18.0,4072.0,4898.0,4902.0
279,2025-05-07,5902.0,3906.0,25.0,1360.0,3899.0,32.0,3931.0,4262.0,4254.0
280,2025-05-06,5931.0,3980.0,32.0,1380.0,3997.0,15.0,4012.0,5243.0,4575.0
281,2025-05-05,5746.0,4004.0,25.0,979.0,4008.0,21.0,4029.0,5238.0,4599.0
282,2025-05-04,2969.0,1273.0,3.0,67.0,1273.0,3.0,1276.0,387.0,993.0
283,2025-05-03,5532.0,3594.0,20.0,703.0,3606.0,8.0,3614.0,3707.0,3712.0
284,2025-05-02,6111.0,4030.0,30.0,1308.0,4036.0,24.0,4060.0,4652.0,4324.0
285,2025-05-01,5006.0,3638.0,16.0,808.0,3646.0,8.0,3654.0,3397.0,3727.0
286,2025-04-30,6531.0,3764.0,13.0,251.0,3770.0,7.0,3777.0,4342.0,4061.0
287,2025-04-29,6935.0,3980.0,29.0,819.0,3998.0,11.0,4009.0,3530.0,4127.0
288,2025-04-28,7577.0,4090.0,25.0,951.0,4103.0,12.0,4115.0,5230.0,4405.0
289,2025-04-27,3287.0,1285.0,1.0,67.0,1284.0,2.0,1286.0,508.0,1065.0
290,2025-04-26,6551.0,3569.0,20.0,553.0,3576.0,13.0,3589.0,2675.0,4298.0
291,2025-04-25,7126.0,3845.0,19.0,732.0,3849.0,15.0,3864.0,4366.0,4626.0
292,2025-04-24,7849.0,3800.0,26.0,1192.0,3814.0,12.0,3826.0,4970.0,4444.0
293,2025-04-23,8510.0,3687.0,17.0,729.0,3689.0,15.0,3704.0,4631.0,4235.0
294,2025-04-22,8792.0,3605.0,16.0,749.0,3605.0,16.0,3621.0,5121.0,4477.0
295,2025-04-21,8547.0,3494.0,33.0,1148.0,3504.0,23.0,3527.0,5469.0,3846.0
296,2025-04-20,3604.0,1078.0,7.0,232.0,1082.0,3.0,1085.0,384.0,711.0
297,2025-04-19,7569.0,3161.0,25.0,2029.0,3162.0,24.0,3186.0,3490.0,3022.0
298,2025-04-18,7037.0,2851.0,10.0,429.0,2853.0,8.0,2861.0,1464.0,2842.0
299,2025-04-17,8821.0,3448.0,37.0,1191.0,3462.0,23.0,3485.0,4657.0,4400.0
300,2025-04-16,8225.0,3049.0,33.0,1368.0,3056.0,26.0,3082.0,5050.0,3939.0
301,2025-04-15,7034.0,1985.0,14.0,531.0,1991.0,8.0,1999.0,4917.0,2859.0
302,2025-04-14,5700.0,2054.0,18.0,697.0,2057.0,15.0,2072.0,384.0,1483.0
303,2025-04-13,3277.0,915.0,4.0,320.0,918.0,1.0,919.0,280.0,700.0
304,2025-04-12,5761.0,3128.0,12.0,221.0,3133.0,7.0,3140.0,1017.0,2408.0
305,2025-04-11,6252.0,3548.0,30.0,1284.0,3553.0,25.0,3578.0,4374.0,3250.0
306,2025-04-10,7059.0,3982.0,14.0,575.0,3984.0,12.0,3996.0,1557.0,2895.0
307,2025-04-09,7063.0,4347.0,29.0,1078.0,4352.0,24.0,4376.0,3309.0,3679.0
308,2025-04-08,7402.0,4119.0,43.0,1291.0,4149.0,13.0,4162.0,4402.0,3987.0
309,2025-04-07,7413.0,4155.0,14.0,725.0,4154.0,15.0,4169.0,4891.0,4119.0
310,2025-04-06,3025.0,1212.0,6.0,193.0,1214.0,4.0,1218.0,430.0,808.0
311,2025-04-05,6172.0,3491.0,18.0,820.0,3490.0,19.0,3509.0,2979.0,3499.0
312,2025-04-04,6687.0,4115.0,25.0,974.0,4122.0,18.0,4140.0,4560.0,4338.0
313,2025-04-03,7025.0,4061.0,27.0,1138.0,4062.0,26.0,4088.0,4325.0,4186.0
314,2025-04-02,7161.0,4162.0,21.0,955.0,4167.0,16.0,4183.0,4322.0,4167.0
315,2025-04-01,5740.0,3893.0,16.0,555.0,3896.0,13.0,3909.0,3828.0,3402.0
316,2025-03-31,5207.0,3084.0,18.0,1017.0,3090.0,12.0,3102.0,1656.0,2577.0
317,2025-03-30,2747.0,1116.0,1.0,48.0,1114.0,3.0,1117.0,1038.0,972.0
318,2025-03-29,6015.0,3474.0,12.0,623.0,3472.0,14.0,3486.0,3420.0,3585.0
319,2025-03-28,6737.0,4169.0,30.0,1179.0,4170.0,29.0,4199.0,4381.0,4185.0
320,2025-03-27,7697.0,4410.0,29.0,2079.0,4416.0,23.0,4439.0,4169.0,4284.0
321,2025-03-26,7394.0,4289.0,35.0,1678.0,4302.0,22.0,4324.0,4242.0,4151.0
322,2025-03-25,8218.0,4414.0,24.0,996.0,4420.0,18.0,4438.0,4736.0,4493.0
323,2025-03-24,8227.0,4259.0,19.0,948.0,4263.0,15.0,4278.0,4885.0,4022.0
324,2025-03-23,4163.0,1470.0,7.0,286.0,1474.0,3.0,1477.0,641.0,1027.0
325,2025-03-22,8690.0,3926.0,15.0,640.0,3923.0,18.0,3941.0,2599.0,3940.0
326,2025-03-21,8815.0,4412.0,23.0,638.0,4419.0,16.0,4435.0,4328.0,4427.0
327,2025-03-20,8977.0,4473.0,36.0,1434.0,4488.0,21.0,4509.0,4429.0,4490.0
328,2025-03-19,7035.0,4326.0,35.0,1406.0,4341.0,20.0,4361.0,4090.0,3209.0
329,2025-03-18,8267.0,4113.0,28.0,1219.0,4118.0,23.0,4141.0,4577.0,4198.0
330,2025-03-17,8452.0,3882.0,37.0,2043.0,3895.0,24.0,3919.0,4440.0,3822.0
331,2025-03-16,3377.0,1200.0,1.0,10.0,1199.0,2.0,1201.0,462.0,742.0
332,2025-03-15,5696.0,2782.0,18.0,695.0,2784.0,16.0,2800.0,2016.0,2641.0
333,2025-03-14,2579.0,1170.0,5.0,304.0,1169.0,6.0,1175.0,854.0,963.0
334,2025-03-13,5664.0,3087.0,17.0,1401.0,3089.0,15.0,3104.0,3070.0,2930.0
335,2025-03-12,7002.0,3830.0,22.0,1202.0,3830.0,22.0,3852.0,3922.0,3654.0
336,2025-03-11,8018.0,4027.0,24.0,1007.0,4033.0,18.0,4051.0,4428.0,3821.0
337,2025-03-10,7303.0,3782.0,15.0,605.0,3788.0,9.0,3797.0,4656.0,3037.0
338,2025-03-09,2805.0,1243.0,4.0,75.0,1243.0,4.0,1247.0,513.0,669.0
339,2025-03-08,6532.0,3287.0,18.0,744.0,3288.0,17.0,3305.0,1274.0,2365.0
340,2025-03-07,6809.0,3582.0,19.0,1172.0,3586.0,15.0,3601.0,3267.0,2937.0
341,2025-03-06,7505.0,3947.0,11.0,632.0,3939.0,19.0,3958.0,3511.0,3380.0
342,2025-03-05,7119.0,4093.0,19.0,642.0,4096.0,16.0,4112.0,3759.0,3236.0
343,2025-03-04,7317.0,3930.0,18.0,631.0,3932.0,16.0,3948.0,3004.0,3074.0
344,2025-03-03,7624.0,3804.0,11.0,184.0,3801.0,14.0,3815.0,3666.0,3035.0
345,2025-03-02,3085.0,1177.0,3.0,72.0,1178.0,2.0,1180.0,479.0,666.0
346,2025-03-01,6519.0,3196.0,6.0,123.0,3196.0,6.0,3202.0,2303.0,2678.0
347,2025-02-28,7341.0,3537.0,24.0,1142.0,3544.0,17.0,3561.0,3703.0,3388.0
348,2025-02-27,8146.0,3556.0,28.0,886.0,3561.0,23.0,3584.0,3774.0,3030.0
349,2025-02-26,6427.0,2890.0,30.0,975.0,2897.0,23.0,2920.0,908.0,1911.0
350,2025-02-25,9540.0,3666.0,15.0,530.0,3662.0,19.0,3681.0,3041.0,3685.0
351,2025-02-24,4899.0,2969.0,10.0,505.0,2967.0,12.0,2979.0,3630.0,1258.0
352,2025-02-23,3247.0,990.0,1.0,28.0,989.0,2.0,991.0,294.0,448.0
353,2025-02-22,6701.0,2793.0,23.0,1088.0,2807.0,9.0,2816.0,1335.0,2046.0
354,2025-02-21,7670.0,2944.0,9.0,260.0,2947.0,6.0,2953.0,3385.0,2597.0
355,2025-02-20,7933.0,3080.0,28.0,832.0,3092.0,16.0,3108.0,2944.0,1874.0
356,2025-02-19,8407.0,2685.0,19.0,1492.0,2693.0,11.0,2704.0,1893.0,1353.0
357,2025-02-18,7783.0,2552.0,13.0,459.0,2559.0,6.0,2565.0,2002.0,1174.0
358,2025-02-17,5184.0,1341.0,3.0,77.0,1337.0,7.0,1344.0,27.0,629.0
359,2025-02-15,0.0,0.0,0.0,0.0,0.0,0.0,0.0,9.0,0.0
360,2025-02-14,0.0,0.0,0.0,0.0,0.0,0.0,0.0,9.0,0.0
361,2025-02-13,11307.0,5593.0,123.0,5516.0,5646.0,70.0,5716.0,4020.0,3397.0
362,2025-02-12,10887.0,4511.0,86.0,3471.0,4549.0,48.0,4597.0,2236.0,2615.0
363,2025-02-11,11964.0,5204.0,65.0,3790.0,5227.0,42.0,5269.0,3869.0,3613.0
364,2025-02-10,12535.0,4534.0,93.0,3830.0,4581.0,46.0,4627.0,4118.0,2989.0
365,2025-02-09,7405.0,1230.0,5.0,190.0,1230.0,5.0,1235.0,368.0,580.0
366,2025-02-08,12507.0,3335.0,34.0,2185.0,3348.0,21.0,3369.0,1008.0,2071.0
367,2025-02-07,13737.0,3704.0,79.0,3231.0,3732.0,51.0,3783.0,2811.0,2907.0
368,2025-02-06,17921.0,4323.0,70.0,2494.0,4361.0,32.0,4393.0,3585.0,3489.0
369,2025-02-05,18543.0,4256.0,34.0,1752.0,4269.0,21.0,4290.0,3381.0,3266.0
370,2025-02-04,17775.0,4004.0,51.0,1861.0,4019.0,36.0,4055.0,3276.0,3260.0
371,2025-02-03,15714.0,3878.0,42.0,1438.0,3892.0,28.0,3920.0,3427.0,3067.0
372,2025-02-02,6429.0,953.0,4.0,162.0,952.0,5.0,957.0,312.0,509.0
373,2025-02-01,14535.0,3317.0,20.0,462.0,3322.0,15.0,3337.0,2303.0,2774.0
374,2025-01-31,17107.0,3973.0,50.0,1634.0,3989.0,34.0,4023.0,3068.0,3374.0
375,2025-01-30,21217.0,4131.0,51.0,2087.0,4141.0,41.0,4182.0,3716.0,3376.0
376,2025-01-29,22455.0,4202.0,56.0,2207.0,4220.0,38.0,4258.0,3536.0,3437.0
377,2025-01-28,3242.0,3800.0,27.0,1027.0,3802.0,25.0,3827.0,3188.0,3279.0
378,2025-01-27,15511.0,4020.0,41.0,3463.0,4028.0,33.0,4061.0,3929.0,3174.0
379,2025-01-26,10551.0,876.0,2.0,38.0,876.0,2.0,878.0,286.0,464.0
380,2025-01-25,20531.0,3166.0,21.0,1720.0,3166.0,21.0,3187.0,1680.0,2364.0
381,2025-01-24,16936.0,4027.0,26.0,1720.0,4026.0,27.0,4053.0,3172.0,3367.0
382,2025-01-23,11933.0,3025.0,33.0,1296.0,3032.0,26.0,3058.0,2919.0,3224.0
383,2025-01-22,26391.0,3911.0,51.0,2207.0,3938.0,24.0,3962.0,3694.0,3605.0
384,2025-01-21,47271.0,4056.0,41.0,1222.0,4072.0,25.0,4097.0,3711.0,3429.0
385,2025-01-20,32860.0,3084.0,48.0,1228.0,3105.0,27.0,3132.0,2541.0,2369.0
386,2025-01-19,36647.0,1041.0,5.0,71.0,1044.0,2.0,1046.0,369.0,773.0
387,2025-01-18,47331.0,2971.0,23.0,1233.0,2978.0,16.0,2994.0,2505.0,2640.0
388,2025-01-17,45193.0,3503.0,26.0,1067.0,3508.0,21.0,3529.0,2897.0,2776.0
389,2025-01-16,33484.0,3444.0,29.0,1071.0,3455.0,18.0,3473.0,3206.0,3458.0
390,2025-01-15,20025.0,2621.0,20.0,1251.0,2616.0,25.0,2641.0,3424.0,2604.0
391,2025-01-14,16592.0,1900.0,8.0,312.0,1894.0,14.0,1908.0,1604.0,1587.0
392,2025-01-13,22762.0,2867.0,29.0,1238.0,2871.0,25.0,2896.0,3780.0,2650.0
393,2025-01-12,24265.0,892.0,3.0,67.0,891.0,4.0,895.0,406.0,538.0
394,2025-01-11,33798.0,2625.0,17.0,768.0,2624.0,18.0,2642.0,803.0,2134.0
395,2025-01-10,40368.0,3421.0,33.0,1411.0,3434.0,20.0,3454.0,3230.0,3181.0
396,2025-01-09,48357.0,3881.0,34.0,2135.0,3886.0,29.0,3915.0,4160.0,3578.0
397,2025-01-08,53154.0,4105.0,36.0,2573.0,4113.0,28.0,4141.0,3353.0,3402.0
398,2025-01-07,41721.0,2691.0,31.0,1135.0,2699.0,23.0,2722.0,3098.0,2417.0
399,2025-01-06,46739.0,3245.0,33.0,1217.0,3255.0,23.0,3278.0,2746.0,2788.0
400,2025-01-05,35378.0,940.0,1.0,30.0,940.0,1.0,941.0,230.0,697.0
401,2025-01-04,32730.0,2869.0,26.0,922.0,2868.0,27.0,2895.0,2050.0,2523.0
402,2025-01-03,24378.0,3440.0,45.0,2193.0,3465.0,20.0,3485.0,3312.0,2624.0
403,2025-01-02,27047.0,3542.0,38.0,1356.0,3559.0,21.0,3580.0,3077.0,3525.0
404,2025-01-01,12263.0,3026.0,37.0,1264.0,3036.0,27.0,3063.0,2629.0,2736.0
405,2024-12-31,17157.0,2446.0,40.0,1392.0,2469.0,17.0,2486.0,3381.0,2192.0
406,2024-12-30,30025.0,3278.0,46.0,1887.0,3296.0,28.0,3324.0,3701.0,3093.0
407,2024-12-29,25041.0,889.0,5.0,284.0,892.0,2.0,894.0,410.0,606.0
408,2024-12-28,40554.0,2678.0,11.0,303.0,2673.0,16.0,2689.0,1624.0,2309.0
409,2024-12-27,34338.0,3216.0,36.0,1332.0,3234.0,18.0,3252.0,3200.0,2856.0
410,2024-12-26,33157.0,3575.0,33.0,2767.0,3582.0,26.0,3608.0,3023.0,2586.0
411,2024-12-25,25525.0,1715.0,24.0,752.0,1728.0,11.0,1739.0,974.0,1315.0
412,2024-12-24,35434.0,3218.0,36.0,1425.0,3230.0,24.0,3254.0,2908.0,2562.0
413,2024-12-23,31985.0,2888.0,37.0,1437.0,2905.0,20.0,2925.0,2803.0,2409.0
414,2024-12-22,24937.0,856.0,1.0,38.0,855.0,2.0,857.0,348.0,620.0
415,2024-12-21,26037.0,2788.0,30.0,1052.0,2797.0,21.0,2818.0,2233.0,2511.0
416,2024-12-20,17000.0,3171.0,30.0,1520.0,3177.0,24.0,3201.0,3611.0,3028.0
417,2024-12-19,13032.0,3505.0,40.0,1693.0,3515.0,30.0,3545.0,3595.0,2943.0
418,2024-12-18,10159.0,3366.0,41.0,1383.0,3376.0,31.0,3407.0,3219.0,2752.0
419,2024-12-17,8683.0,3239.0,46.0,1447.0,3255.0,30.0,3285.0,3469.0,2926.0
420,2024-12-16,7761.0,3330.0,57.0,1969.0,3353.0,34.0,3387.0,3771.0,2489.0
421,2024-12-15,5678.0,737.0,3.0,73.0,738.0,2.0,740.0,257.0,478.0
422,2024-12-14,8673.0,2203.0,18.0,444.0,2208.0,13.0,2221.0,661.0,1895.0
423,2024-12-13,8138.0,3109.0,35.0,1226.0,3127.0,17.0,3144.0,3193.0,2707.0
424,2024-12-12,10332.0,3045.0,37.0,2011.0,3055.0,27.0,3082.0,2472.0,2261.0
425,2024-12-11,21236.0,3502.0,53.0,1807.0,3526.0,29.0,3555.0,3339.0,3042.0
426,2024-12-10,15899.0,2794.0,41.0,1236.0,2817.0,18.0,2835.0,2678.0,2144.0
427,2024-12-09,13040.0,2958.0,43.0,2119.0,2980.0,21.0,3001.0,2950.0,2299.0
428,2024-12-08,13927.0,857.0,8.0,363.0,861.0,4.0,865.0,354.0,616.0
429,2024-12-07,18069.0,2907.0,37.0,2503.0,2920.0,24.0,2944.0,2144.0,2520.0
430,2024-12-06,13115.0,2296.0,36.0,1259.0,2312.0,20.0,2332.0,2430.0,2183.0
431,2024-12-05,5786.0,3131.0,71.0,2987.0,3165.0,37.0,3202.0,2733.0,2747.0
432,2024-12-04,11007.0,3434.0,40.0,1908.0,3445.0,29.0,3474.0,3232.0,3536.0
433,2024-12-03,9748.0,3299.0,45.0,1509.0,3317.0,27.0,3344.0,3214.0,1562.0
434,2024-12-02,8463.0,3422.0,49.0,1561.0,3440.0,31.0,3471.0,3163.0,2243.0
435,2024-12-01,5016.0,754.0,4.0,243.0,755.0,3.0,758.0,305.0,598.0
436,2024-11-30,7947.0,3064.0,45.0,1753.0,3073.0,36.0,3109.0,2734.0,3022.0
437,2024-11-29,10653.0,3591.0,64.0,2774.0,3614.0,41.0,3655.0,3618.0,3507.0
438,2024-11-28,10990.0,3867.0,52.0,2076.0,3890.0,29.0,3919.0,4311.0,3688.0
439,2024-11-27,11408.0,4023.0,63.0,1934.0,4045.0,41.0,4086.0,4564.0,3532.0
440,2024-11-26,11522.0,3984.0,42.0,2119.0,3995.0,31.0,4026.0,3811.0,3348.0
441,2024-11-25,11455.0,3989.0,60.0,1917.0,4010.0,39.0,4049.0,4442.0,3038.0
442,2024-11-24,8136.0,1046.0,5.0,240.0,1044.0,7.0,1051.0,617.0,651.0
443,2024-11-23,6964.0,1698.0,22.0,759.0,1705.0,15.0,1720.0,1410.0,2133.0
444,2024-11-22,8683.0,3882.0,45.0,1523.0,3889.0,38.0,3927.0,4325.0,3190.0
445,2024-11-21,8697.0,4158.0,74.0,2339.0,4190.0,42.0,4232.0,4760.0,3547.0
446,2024-11-20,11456.0,3686.0,31.0,975.0,3687.0,30.0,3717.0,3550.0,3136.0
447,2024-11-19,11645.0,4076.0,36.0,1512.0,4075.0,37.0,4112.0,4379.0,3428.0
448,2024-11-18,11468.0,3371.0,52.0,1706.0,3391.0,32.0,3423.0,3050.0,2596.0
449,2024-11-17,8709.0,859.0,6.0,225.0,854.0,11.0,865.0,342.0,590.0
450,2024-11-16,11395.0,3310.0,52.0,2210.0,3337.0,25.0,3362.0,2677.0,2467.0
451,2024-11-15,10004.0,2905.0,23.0,790.0,2912.0,16.0,2928.0,1656.0,2437.0
452,2024-11-14,12382.0,4215.0,47.0,2299.0,4224.0,38.0,4262.0,4604.0,3754.0
453,2024-11-13,8661.0,3166.0,30.0,1124.0,3175.0,21.0,3196.0,3791.0,2479.0
454,2024-11-12,11580.0,4029.0,47.0,1458.0,4043.0,33.0,4076.0,3099.0,2552.0
455,2024-11-11,4168.0,3830.0,38.0,1596.0,3826.0,42.0,3868.0,1613.0,2783.0
456,2024-11-10,1798.0,711.0,2.0,84.0,711.0,2.0,713.0,283.0,600.0
457,2024-11-09,3559.0,3114.0,39.0,1442.0,3127.0,26.0,3153.0,2138.0,2823.0
458,2024-11-08,4101.0,3556.0,35.0,1156.0,3564.0,27.0,3591.0,3490.0,3436.0
459,2024-11-07,4914.0,3229.0,36.0,964.0,3241.0,24.0,3265.0,3400.0,3338.0
460,2024-11-06,3689.0,2630.0,17.0,715.0,2622.0,25.0,2647.0,2487.0,2887.0
461,2024-11-05,3376.0,2471.0,28.0,905.0,2470.0,29.0,2499.0,2843.0,2452.0
462,2024-11-04,3066.0,2075.0,7.0,302.0,2064.0,18.0,2082.0,2716.0,2102.0
463,2024-11-03,1362.0,388.0,0.0,0.0,385.0,3.0,388.0,223.0,294.0
464,2024-11-02,1918.0,769.0,1.0,44.0,765.0,5.0,770.0,670.0,815.0
465,2024-11-01,1566.0,636.0,4.0,101.0,634.0,6.0,640.0,498.0,678.0
466,2024-10-31,1428.0,605.0,2.0,49.0,603.0,4.0,607.0,280.0,630.0
467,2024-10-30,2728.0,2292.0,36.0,1537.0,2296.0,32.0,2328.0,2945.0,2083.0
468,2024-10-29,3213.0,3130.0,16.0,552.0,3115.0,31.0,3146.0,3614.0,2797.0
469,2024-10-28,3988.0,3969.0,44.0,1916.0,3974.0,39.0,4013.0,4616.0,3135.0
470,2024-10-27,1991.0,821.0,2.0,56.0,818.0,5.0,823.0,478.0,708.0
471,2024-10-26,4226.0,2616.0,19.0,541.0,2616.0,19.0,2635.0,1722.0,2624.0
472,2024-10-25,8215.0,4058.0,43.0,1641.0,4067.0,34.0,4101.0,3730.0,3156.0
473,2024-10-24,5009.0,3697.0,60.0,2578.0,3707.0,50.0,3757.0,3431.0,3318.0
474,2024-10-23,1002.0,4011.0,53.0,1787.0,4018.0,46.0,4064.0,3927.0,3600.0
475,2024-10-22,4804.0,4163.0,59.0,1736.0,4184.0,38.0,4222.0,4252.0,3492.0
476,2024-10-21,4972.0,3910.0,28.0,929.0,3914.0,24.0,3938.0,3887.0,3262.0
477,2024-10-20,2437.0,794.0,2.0,11.0,792.0,4.0,796.0,351.0,758.0
478,2024-10-19,5145.0,2959.0,20.0,784.0,2962.0,17.0,2979.0,2108.0,3086.0
479,2024-10-18,5556.0,3488.0,36.0,1025.0,3501.0,23.0,3524.0,3405.0,3221.0
480,2024-10-17,2297.0,3419.0,44.0,1852.0,3441.0,22.0,3463.0,3068.0,3179.0
481,2024-10-16,3988.0,3187.0,28.0,667.0,3192.0,23.0,3215.0,2769.0,3034.0
482,2024-10-15,3816.0,3253.0,28.0,1231.0,3244.0,37.0,3281.0,3152.0,3143.0
483,2024-10-14,4514.0,2943.0,33.0,1204.0,2957.0,19.0,2976.0,3246.0,3040.0
484,2024-10-13,1896.0,670.0,2.0,23.0,670.0,2.0,672.0,304.0,593.0
485,2024-10-12,1952.0,1015.0,3.0,43.0,1016.0,2.0,1018.0,480.0,1009.0
486,2024-10-11,3754.0,2426.0,24.0,689.0,2441.0,9.0,2450.0,2162.0,2356.0
487,2024-10-10,4294.0,2606.0,13.0,300.0,2604.0,15.0,2619.0,2679.0,2808.0
488,2024-10-09,4542.0,2722.0,20.0,530.0,2732.0,10.0,2742.0,2521.0,2842.0
489,2024-10-08,4856.0,2618.0,21.0,495.0,2628.0,11.0,2639.0,2671.0,2867.0
490,2024-10-07,4965.0,2755.0,17.0,2581.0,2753.0,19.0,2772.0,2748.0,2661.0
491,2024-10-06,2216.0,507.0,1.0,24.0,506.0,2.0,508.0,267.0,631.0
492,2024-10-05,7293.0,2016.0,18.0,537.0,2017.0,17.0,2034.0,1798.0,2471.0
493,2024-10-04,4220.0,2120.0,12.0,365.0,2115.0,17.0,2132.0,2723.0,2754.0
494,2024-10-03,4283.0,2187.0,9.0,394.0,2185.0,11.0,2196.0,2727.0,2302.0
495,2024-10-02,4138.0,1345.0,5.0,302.0,1337.0,13.0,1350.0,724.0,1903.0
496,2024-10-01,4622.0,1698.0,14.0,536.0,1701.0,11.0,1712.0,2602.0,3215.0
497,2024-09-30,4553.0,1798.0,9.0,207.0,1796.0,11.0,1807.0,1688.0,1723.0
498,2024-09-29,2043.0,494.0,7.0,407.0,497.0,4.0,501.0,241.0,686.0
499,2024-09-28,4665.0,1492.0,8.0,204.0,1490.0,10.0,1500.0,1541.0,3091.0
500,2024-09-27,4783.0,2400.0,24.0,828.0,2399.0,25.0,2424.0,2317.0,3681.0
501,2024-09-26,6088.0,2526.0,25.0,535.0,2534.0,17.0,2551.0,2687.0,3729.0
502,2024-09-25,5169.0,2554.0,9.0,260.0,2552.0,11.0,2563.0,2640.0,3809.0
503,2024-09-24,5018.0,2429.0,6.0,213.0,2422.0,13.0,2435.0,2974.0,4044.0
504,2024-09-23,4863.0,2439.0,6.0,390.0,2434.0,11.0,2445.0,3145.0,3814.0
505,2024-09-22,2454.0,636.0,1.0,16.0,635.0,2.0,637.0,901.0,724.0
506,2024-09-21,5082.0,2068.0,8.0,325.0,2061.0,15.0,2076.0,1882.0,3134.0
507,2024-09-20,4398.0,2287.0,7.0,146.0,2287.0,7.0,2294.0,2329.0,3496.0
508,2024-09-19,4511.0,2226.0,5.0,371.0,2222.0,9.0,2231.0,2574.0,3601.0
509,2024-09-18,4175.0,2065.0,9.0,254.0,2064.0,10.0,2074.0,3013.0,3259.0
510,2024-09-17,3291.0,1472.0,2.0,3.0,1470.0,4.0,1474.0,1882.0,1759.0
511,2024-09-16,3612.0,1464.0,2.0,320.0,1453.0,13.0,1466.0,724.0,2127.0
512,2024-09-15,1738.0,507.0,0.0,0.0,507.0,0.0,507.0,261.0,640.0
513,2024-09-14,3774.0,1648.0,4.0,149.0,1642.0,10.0,1652.0,959.0,2503.0
514,2024-09-13,3794.0,2055.0,6.0,367.0,2041.0,20.0,2061.0,2762.0,3287.0
515,2024-09-12,4799.0,2139.0,6.0,69.0,2135.0,10.0,2145.0,3093.0,3137.0
516,2024-09-11,4222.0,1913.0,7.0,187.0,1913.0,7.0,1920.0,1948.0,2216.0
517,2024-09-10,4563.0,1754.0,4.0,140.0,1752.0,6.0,1758.0,1345.0,1950.0
518,2024-09-09,3461.0,1190.0,7.0,270.0,1186.0,11.0,1197.0,740.0,1449.0
519,2024-09-08,2076.0,499.0,3.0,29.0,502.0,0.0,502.0,134.0,756.0
520,2024-09-07,3563.0,1234.0,4.0,112.0,1222.0,16.0,1238.0,771.0,2344.0
521,2024-09-06,2263.0,1192.0,3.0,53.0,1190.0,5.0,1195.0,2035.0,1705.0
522,2024-09-05,3952.0,2119.0,10.0,372.0,2113.0,16.0,2129.0,2906.0,2821.0
523,2024-09-04,3418.0,1462.0,4.0,100.0,1457.0,9.0,1466.0,1601.0,2069.0
524,2024-09-03,4027.0,1717.0,7.0,219.0,1709.0,15.0,1724.0,2223.0,2551.0
525,2024-09-02,4304.0,1722.0,9.0,124.0,1721.0,10.0,1731.0,1945.0,2379.0
526,2024-09-01,2095.0,458.0,3.0,58.0,457.0,4.0,461.0,358.0,695.0
527,2024-08-31,4149.0,1515.0,4.0,78.0,1515.0,4.0,1519.0,1966.0,2632.0
528,2024-08-30,4371.0,1628.0,3.0,43.0,1620.0,11.0,1631.0,2198.0,2567.0
529,2024-08-29,4240.0,1557.0,6.0,376.0,1553.0,10.0,1563.0,3059.0,2135.0
530,2024-08-28,4184.0,1314.0,0.0,0.0,1306.0,8.0,1314.0,340.0,1428.0
531,2024-08-27,3803.0,924.0,1.0,60.0,921.0,4.0,925.0,360.0,1318.0
532,2024-08-26,3977.0,656.0,6.0,202.0,654.0,8.0,662.0,232.0,1171.0
533,2024-08-25,2696.0,242.0,1.0,1.0,243.0,0.0,243.0,63.0,572.0
534,2024-08-24,4564.0,784.0,2.0,28.0,781.0,5.0,786.0,257.0,2408.0
535,2024-08-23,4518.0,1985.0,5.0,462.0,1982.0,8.0,1990.0,3495.0,2958.0
536,2024-08-22,4645.0,2149.0,2.0,128.0,2138.0,13.0,2151.0,2972.0,3196.0
537,2024-08-21,4794.0,2176.0,4.0,334.0,2163.0,17.0,2180.0,3326.0,2944.0
538,2024-08-20,4462.0,2146.0,4.0,97.0,2138.0,12.0,2150.0,2581.0,2966.0
539,2024-08-19,2724.0,719.0,2.0,145.0,719.0,2.0,721.0,1313.0,1072.0
540,2024-08-18,2414.0,551.0,0.0,0.0,548.0,3.0,551.0,282.0,821.0
541,2024-08-17,4023.0,1859.0,3.0,279.0,1854.0,8.0,1862.0,3431.0,2974.0
542,2024-08-16,4533.0,2331.0,5.0,113.0,2324.0,12.0,2336.0,3679.0,2841.0
543,2024-08-15,2777.0,1191.0,0.0,0.0,1185.0,6.0,1191.0,792.0,1480.0
544,2024-08-14,4766.0,2393.0,2.0,38.0,2388.0,7.0,2395.0,6234.0,3226.0
545,2024-08-13,4826.0,2351.0,4.0,101.0,2334.0,21.0,2355.0,5845.0,3189.0
546,2024-08-12,4509.0,2517.0,7.0,187.0,2505.0,19.0,2524.0,3161.0,2933.0
547,2024-08-11,2357.0,631.0,0.0,0.0,628.0,3.0,631.0,215.0,554.0
548,2024-08-10,3995.0,2032.0,3.0,125.0,2021.0,14.0,2035.0,760.0,2509.0
549,2024-08-09,4562.0,2487.0,2.0,67.0,2477.0,12.0,2489.0,2486.0,3202.0
550,2024-08-08,4429.0,2533.0,7.0,150.0,2526.0,14.0,2540.0,2353.0,2917.0
551,2024-08-07,4052.0,2494.0,6.0,399.0,2481.0,19.0,2500.0,3062.0,3143.0
552,2024-08-06,3535.0,2635.0,7.0,498.0,2620.0,22.0,2642.0,3187.0,3257.0
553,2024-08-05,4010.0,2574.0,2.0,64.0,2561.0,15.0,2576.0,3152.0,3198.0
554,2024-08-04,2577.0,663.0,0.0,0.0,661.0,2.0,663.0,273.0,702.0
555,2024-08-03,4048.0,2463.0,7.0,50.0,2454.0,16.0,2470.0,1703.0,2997.0
556,2024-08-02,3796.0,2655.0,6.0,270.0,2639.0,22.0,2661.0,3212.0,3314.0
557,2024-08-01,4085.0,3006.0,4.0,54.0,2998.0,12.0,3010.0,3463.0,3421.0
558,2024-07-31,3887.0,3111.0,8.0,217.0,3098.0,21.0,3119.0,3200.0,3461.0
559,2024-07-30,3699.0,3066.0,8.0,466.0,3054.0,20.0,3074.0,2982.0,3253.0
560,2024-07-29,3726.0,2947.0,8.0,221.0,2930.0,25.0,2955.0,3667.0,3140.0
561,2024-07-28,2306.0,771.0,1.0,12.0,770.0,2.0,772.0,307.0,762.0
562,2024-07-27,3880.0,2515.0,3.0,230.0,2505.0,13.0,2518.0,1706.0,3544.0
563,2024-07-26,4433.0,2965.0,8.0,407.0,2945.0,28.0,2973.0,3736.0,3672.0
564,2024-07-25,4457.0,3386.0,3.0,111.0,3372.0,17.0,3389.0,3616.0,4245.0
565,2024-07-24,5240.0,3182.0,4.0,109.0,3164.0,22.0,3186.0,4006.0,4152.0
566,2024-07-23,4790.0,3372.0,9.0,142.0,3367.0,14.0,3381.0,4056.0,4587.0
567,2024-07-22,6108.0,3388.0,1.0,30.0,3372.0,17.0,3389.0,4071.0,3183.0
568,2024-07-21,1985.0,809.0,1.0,12.0,807.0,3.0,810.0,745.0,0.0
569,2024-07-20,4122.0,3014.0,4.0,80.0,3000.0,18.0,3018.0,3280.0,0.0
570,2024-07-19,3842.0,3329.0,8.0,517.0,3316.0,21.0,3337.0,2981.0,2466.0
571,2024-07-18,4154.0,3520.0,12.0,737.0,3510.0,22.0,3532.0,2956.0,3065.0
572,2024-07-17,4326.0,3613.0,5.0,64.0,3582.0,36.0,3618.0,2155.0,3220.0
573,2024-07-16,4312.0,4650.0,12.0,675.0,4642.0,20.0,4662.0,4688.0,3318.0
574,2024-07-15,4454.0,3282.0,10.0,651.0,3276.0,16.0,3292.0,3882.0,3091.0
575,2024-07-14,2395.0,863.0,1.0,23.0,858.0,6.0,864.0,431.0,732.0
576,2024-07-13,4208.0,3005.0,1.0,20.0,2993.0,13.0,3006.0,1421.0,3290.0
577,2024-07-12,4765.0,3767.0,5.0,208.0,3745.0,27.0,3772.0,4585.0,3533.0
578,2024-07-11,6052.0,4410.0,3.0,131.0,4388.0,25.0,4413.0,4875.0,3694.0
579,2024-07-10,4350.0,3344.0,5.0,192.0,3332.0,17.0,3349.0,1831.0,2893.0
580,2024-07-09,4385.0,3743.0,9.0,511.0,3734.0,18.0,3752.0,3541.0,4371.0
581,2024-07-08,5296.0,1870.0,0.0,0.0,1855.0,15.0,1870.0,3957.0,3933.0
582,2024-07-07,1954.0,778.0,0.0,0.0,777.0,1.0,778.0,454.0,625.0
583,2024-07-06,4176.0,2648.0,12.0,402.0,2642.0,18.0,2660.0,2653.0,2768.0
584,2024-07-05,6346.0,3466.0,9.0,229.0,3459.0,16.0,3475.0,3066.0,4142.0
585,2024-07-04,4271.0,3526.0,5.0,100.0,3516.0,15.0,3531.0,4684.0,4242.0
586,2024-07-03,4454.0,3497.0,8.0,270.0,3487.0,18.0,3505.0,4709.0,3972.0
587,2024-07-02,4975.0,3402.0,4.0,159.0,3391.0,15.0,3406.0,2717.0,3710.0
588,2024-07-01,4497.0,3528.0,7.0,326.0,3518.0,17.0,3535.0,3999.0,3574.0
589,2024-06-30,2082.0,793.0,0.0,0.0,788.0,5.0,793.0,232.0,806.0
590,2024-06-29,5124.0,3300.0,6.0,571.0,3292.0,14.0,3306.0,3600.0,3917.0
591,2024-06-28,4127.0,3252.0,3.0,111.0,3238.0,17.0,3255.0,3043.0,3525.0
592,2024-06-27,7023.0,3666.0,6.0,257.0,3651.0,21.0,3672.0,2448.0,12770.0
593,2024-06-26,5202.0,3105.0,8.0,816.0,3093.0,20.0,3113.0,2950.0,3422.0
594,2024-06-25,5472.0,2948.0,11.0,880.0,2935.0,24.0,2959.0,4735.0,2549.0
595,2024-06-24,4383.0,3299.0,6.0,556.0,3280.0,25.0,3305.0,3329.0,2124.0
596,2024-06-23,2471.0,831.0,1.0,66.0,825.0,7.0,832.0,666.0,591.0
597,2024-06-22,4429.0,2244.0,1.0,9.0,2239.0,6.0,2245.0,1576.0,1768.0
598,2024-06-21,6611.0,2334.0,4.0,52.0,2332.0,6.0,2338.0,2700.0,1653.0
599,2024-06-20,4644.0,2497.0,5.0,201.0,2489.0,13.0,2502.0,1768.0,1750.0
600,2024-06-19,5144.0,2890.0,8.0,215.0,2874.0,24.0,2898.0,2095.0,1997.0
601,2024-06-18,5167.0,2404.0,9.0,325.0,2398.0,15.0,2413.0,2604.0,1193.0
602,2024-06-17,6110.0,2514.0,2.0,54.0,2509.0,7.0,2516.0,383.0,2003.0
603,2024-06-16,2347.0,681.0,2.0,57.0,679.0,4.0,683.0,131.0,644.0
604,2024-06-15,3862.0,2000.0,3.0,73.0,1997.0,6.0,2003.0,1275.0,1121.0
605,2024-06-14,1355.0,549.0,1.0,64.0,548.0,2.0,550.0,343.0,1140.0
606,2024-06-13,924.0,1273.0,1.0,120.0,1265.0,9.0,1274.0,1095.0,126.0
607,2024-06-12,2010.0,1664.0,7.0,300.0,1657.0,14.0,1671.0,982.0,304.0
608,2024-06-11,2869.0,1152.0,4.0,128.0,1146.0,10.0,1156.0,1700.0,4.0
609,2024-06-10,3321.0,2587.0,6.0,362.0,2578.0,15.0,2593.0,1278.0,0.0
610,2024-06-09,2166.0,630.0,1.0,4801.0,626.0,5.0,631.0,161.0,0.0
611,2024-06-08,2570.0,2352.0,3.0,41.0,2347.0,8.0,2355.0,472.0,0.0
612,2024-06-07,3015.0,2803.0,2.0,45.0,2790.0,15.0,2805.0,880.0,0.0
613,2024-06-06,1998.0,2224.0,7.0,132.0,2216.0,15.0,2231.0,579.0,0.0
614,2024-06-05,3615.0,207.0,1.0,12.0,207.0,1.0,208.0,583.0,0.0
615,2024-06-04,2798.0,1791.0,1.0,79.0,1781.0,11.0,1792.0,629.0,0.0
616,2024-06-03,2769.0,2360.0,5.0,52.0,2351.0,14.0,2365.0,356.0,0.0
617,2024-06-02,2238.0,567.0,0.0,0.0,566.0,1.0,567.0,29.0,0.0
618,2024-06-01,3834.0,2013.0,4.0,168.0,2005.0,12.0,2017.0,366.0,0.0
619,2024-05-31,3360.0,3287.0,9.0,417.0,3268.0,28.0,3296.0,812.0,0.0
620,2024-05-30,1760.0,618.0,2.0,162.0,620.0,0.0,620.0,510.0,0.0
621,2024-05-29,2834.0,316.0,1.0,16.0,316.0,1.0,317.0,283.0,0.0
622,2024-05-28,1987.0,325.0,0.0,0.0,324.0,1.0,325.0,531.0,0.0
623,2024-05-27,3014.0,864.0,1.0,0.0,862.0,3.0,865.0,315.0,0.0
624,2024-05-26,2133.0,427.0,1.0,55.0,426.0,2.0,428.0,141.0,0.0
625,2024-05-25,3392.0,1486.0,2.0,236.0,1478.0,10.0,1488.0,188.0,0.0
626,2024-05-24,4277.0,1650.0,3.0,19.0,1646.0,7.0,1653.0,382.0,0.0
627,2024-05-23,4011.0,1660.0,0.0,0.0,1653.0,7.0,1660.0,434.0,0.0
628,2024-05-22,4808.0,1514.0,1.0,27.0,1508.0,7.0,1515.0,283.0,0.0
629,2024-05-21,4172.0,1524.0,3.0,0.0,1522.0,5.0,1527.0,261.0,0.0
630,2024-05-20,4656.0,1534.0,3.0,207.0,1528.0,9.0,1537.0,255.0,0.0
631,2024-05-19,2447.0,357.0,0.0,0.0,357.0,0.0,357.0,59.0,0.0
632,2024-05-18,4388.0,1520.0,6.0,784.0,1513.0,13.0,1526.0,261.0,0.0
633,2024-05-17,4298.0,1861.0,3.0,55.0,1860.0,4.0,1864.0,187.0,0.0
634,2024-05-16,2840.0,1758.0,8.0,269.0,1753.0,13.0,1766.0,207.0,0.0
635,2024-05-15,2977.0,1904.0,10.0,267.0,1899.0,15.0,1914.0,265.0,0.0
636,2024-05-14,2663.0,1703.0,1.0,12.0,1691.0,13.0,1704.0,266.0,0.0
637,2024-05-13,1819.0,1073.0,0.0,0.0,1065.0,8.0,1073.0,91.0,0.0
638,2024-05-12,1905.0,469.0,0.0,0.0,466.0,3.0,469.0,16.0,0.0
639,2024-05-11,2507.0,1140.0,3.0,160.0,1137.0,6.0,1143.0,25.0,0.0
640,2024-05-10,1781.0,1581.0,5.0,76.0,1568.0,18.0,1586.0,28.0,0.0
641,2024-05-09,2228.0,466.0,2.0,0.0,463.0,5.0,468.0,40.0,0.0
642,2024-05-08,786.0,73.0,0.0,0.0,72.0,1.0,73.0,36.0,0.0
643,2024-05-07,1175.0,673.0,3.0,115.0,666.0,10.0,676.0,14.0,0.0
644,2024-05-06,337.0,122.0,0.0,0.0,121.0,1.0,122.0,29.0,0.0
645,2024-05-05,444.0,67.0,0.0,0.0,67.0,0.0,67.0,3.0,0.0
646,2024-05-04,566.0,305.0,1.0,29.0,306.0,0.0,306.0,25.0,0.0
647,2024-05-03,746.0,375.0,0.0,0.0,374.0,1.0,375.0,34.0,0.0
648,2024-05-02,1090.0,387.0,1.0,141.0,383.0,5.0,388.0,63.0,0.0
649,2024-05-01,1152.0,230.0,0.0,0.0,229.0,1.0,230.0,57.0,0.0
650,2024-04-30,437.0,62.0,0.0,0.0,62.0,0.0,62.0,122.0,0.0
651,2024-04-29,0.0,0.0,0.0,0.0,0.0,0.0,0.0,76.0,0.0
652,2024-04-28,0.0,0.0,0.0,0.0,0.0,0.0,0.0,1.0,0.0
653,2024-04-27,829.0,0.0,0.0,0.0,0.0,0.0,0.0,15.0,0.0
654,2024-04-26,3288.0,183.0,0.0,0.0,183.0,0.0,183.0,948.0,778.0
655,2024-04-25,6564.0,1462.0,3.0,161.0,1455.0,10.0,1465.0,1789.0,1289.0
656,2024-04-24,6511.0,1322.0,2.0,20.0,1311.0,13.0,1324.0,1743.0,1088.0
657,2024-04-23,6705.0,1248.0,2.0,0.0,1234.0,16.0,1250.0,1532.0,1105.0
658,2024-04-22,6792.0,1361.0,2.0,49.0,1353.0,10.0,1363.0,1456.0,1074.0
659,2024-04-21,3251.0,226.0,1.0,0.0,226.0,1.0,227.0,130.0,150.0
660,2024-04-20,6171.0,1124.0,4.0,64.0,1119.0,9.0,1128.0,1189.0,826.0
661,2024-04-19,6451.0,1361.0,5.0,34.0,1357.0,9.0,1366.0,1531.0,1010.0
662,2024-04-18,7490.0,1402.0,0.0,0.0,1387.0,15.0,1402.0,1716.0,745.0
663,2024-04-17,6446.0,1146.0,0.0,0.0,1136.0,10.0,1146.0,652.0,1042.0
664,2024-04-16,6948.0,1453.0,1.0,46.0,1447.0,7.0,1454.0,1477.0,874.0
665,2024-04-15,7312.0,1459.0,4.0,62.0,1456.0,7.0,1463.0,1353.0,657.0
666,2024-04-14,4166.0,244.0,0.0,0.0,242.0,2.0,244.0,145.0,155.0
667,2024-04-13,5919.0,1197.0,1.0,46.0,1190.0,8.0,1198.0,347.0,704.0
668,2024-04-12,7578.0,1738.0,6.0,269.0,1723.0,21.0,1744.0,1107.0,774.0
669,2024-04-11,6922.0,0.0,0.0,0.0,0.0,0.0,0.0,516.0,770.0
670,2024-04-10,7991.0,817.0,2.0,42.0,811.0,8.0,819.0,648.0,809.0
671,2024-04-09,9262.0,1330.0,3.0,57.0,1328.0,5.0,1333.0,1028.0,790.0
672,2024-04-08,9065.0,1299.0,4.0,94.0,1291.0,12.0,1303.0,1058.0,785.0
673,2024-04-07,6035.0,354.0,0.0,0.0,353.0,1.0,354.0,87.0,213.0
674,2024-04-06,9365.0,1109.0,0.0,0.0,1104.0,5.0,1109.0,1020.0,731.0
675,2024-04-05,9352.0,1219.0,1.0,20.0,1211.0,9.0,1220.0,1017.0,679.0
676,2024-04-04,8901.0,1238.0,2.0,21.0,1233.0,7.0,1240.0,1064.0,691.0
677,2024-04-03,8501.0,1068.0,0.0,0.0,1058.0,10.0,1068.0,915.0,545.0
678,2024-04-02,9360.0,1145.0,6.0,64.0,1141.0,10.0,1151.0,950.0,575.0
679,2024-04-01,7118.0,1227.0,0.0,0.0,1224.0,3.0,1227.0,614.0,558.0
680,2024-03-31,4974.0,340.0,0.0,0.0,338.0,2.0,340.0,162.0,229.0
681,2024-03-30,8371.0,941.0,2.0,0.0,936.0,7.0,943.0,883.0,623.0
682,2024-03-29,8717.0,878.0,1.0,1.0,869.0,10.0,879.0,279.0,954.0
683,2024-03-28,10750.0,1101.0,0.0,0.0,1095.0,6.0,1101.0,598.0,793.0
684,2024-03-27,10097.0,1049.0,2.0,17.0,1042.0,9.0,1051.0,595.0,96.0
685,2024-03-26,9245.0,961.0,2.0,56.0,957.0,6.0,963.0,738.0,151.0
686,2024-03-25,6683.0,265.0,0.0,0.0,265.0,0.0,265.0,135.0,55.0
687,2024-03-24,8120.0,199.0,0.0,0.0,196.0,3.0,199.0,90.0,25.0
688,2024-03-23,11212.0,666.0,1.0,28.0,659.0,8.0,667.0,289.0,133.0
689,2024-03-22,11459.0,832.0,2.0,215.0,827.0,7.0,834.0,567.0,113.0
690,2024-03-21,12155.0,950.0,0.0,0.0,934.0,16.0,950.0,535.0,148.0
691,2024-03-20,13294.0,842.0,1.0,0.0,834.0,9.0,843.0,486.0,244.0
692,2024-03-19,13419.0,838.0,1.0,1.0,831.0,8.0,839.0,489.0,285.0
693,2024-03-18,8551.0,553.0,0.0,0.0,547.0,6.0,553.0,239.0,167.0
694,2024-03-17,8847.0,166.0,0.0,0.0,163.0,3.0,166.0,36.0,78.0
695,2024-03-16,11344.0,480.0,0.0,0.0,478.0,2.0,480.0,232.0,216.0
696,2024-03-15,10485.0,595.0,1.0,19.0,591.0,5.0,596.0,494.0,207.0
697,2024-03-14,10035.0,552.0,0.0,0.0,549.0,3.0,552.0,305.0,180.0
698,2024-03-13,10322.0,491.0,0.0,0.0,488.0,3.0,491.0,251.0,188.0
699,2024-03-12,12692.0,503.0,0.0,0.0,501.0,2.0,503.0,301.0,148.0
700,2024-03-11,13387.0,516.0,1.0,1.0,511.0,6.0,517.0,206.0,99.0
701,2024-03-10,9685.0,269.0,1.0,1.0,266.0,4.0,270.0,23.0,69.0
702,2024-03-09,5187.0,129.0,0.0,0.0,129.0,0.0,129.0,45.0,50.0
703,2024-03-08,7974.0,91.0,0.0,0.0,89.0,2.0,91.0,22.0,37.0
704,2024-03-07,7868.0,249.0,1.0,0.0,247.0,3.0,250.0,189.0,38.0
705,2024-03-06,7812.0,156.0,0.0,0.0,155.0,1.0,156.0,61.0,47.0
706,2024-03-05,7019.0,145.0,1.0,1.0,145.0,1.0,146.0,53.0,5.0
707,2024-03-04,5782.0,114.0,1.0,18.0,111.0,4.0,115.0,24.0,0.0
708,2024-03-03,3338.0,19.0,0.0,0.0,18.0,1.0,19.0,1.0,0.0
709,2024-03-02,2524.0,108.0,0.0,0.0,108.0,0.0,108.0,53.0,26.0
710,2024-03-01,738.0,96.0,0.0,0.0,93.0,3.0,96.0,33.0,19.0
711,2024-02-29,528.0,48.0,0.0,0.0,48.0,0.0,48.0,23.0,3.0
712,2024-02-28,360.0,1.0,0.0,0.0,1.0,0.0,1.0,43.0,3.0
713,2024-02-27,2923.0,62.0,0.0,0.0,61.0,1.0,62.0,43.0,22.0
714,2024-02-26,3961.0,110.0,0.0,0.0,108.0,2.0,110.0,51.0,24.0
715,2024-02-25,2597.0,29.0,0.0,0.0,29.0,0.0,29.0,4.0,9.0
716,2024-02-24,3448.0,80.0,0.0,0.0,78.0,2.0,80.0,20.0,10.0
717,2024-02-23,3565.0,50.0,0.0,0.0,49.0,1.0,50.0,20.0,7.0
718,2024-02-22,4029.0,44.0,0.0,0.0,43.0,1.0,44.0,10.0,6.0
719,2024-02-21,3478.0,28.0,0.0,0.0,28.0,0.0,28.0,10.0,7.0
720,2024-02-20,4145.0,32.0,1.0,1.0,30.0,3.0,33.0,13.0,7.0
721,2024-02-19,4444.0,26.0,0.0,0.0,25.0,1.0,26.0,4.0,2.0
722,2024-02-18,2511.0,8.0,0.0,0.0,8.0,0.0,8.0,0.0,0.0
723,2024-02-17,2394.0,12.0,0.0,0.0,11.0,1.0,12.0,1.0,2.0
724,2024-02-16,1659.0,3.0,0.0,0.0,3.0,0.0,3.0,2.0,0.0
725,2024-02-15,2731.0,6.0,0.0,0.0,6.0,0.0,6.0,4.0,1.0
726,2024-02-14,2648.0,4.0,0.0,0.0,3.0,1.0,4.0,1.0,1.0
727,2024-02-13,1876.0,1.0,0.0,0.0,1.0,0.0,1.0,1.0,0.0
728,2024-02-10,0.0,1.0,0.0,0.0,1.0,0.0,1.0,0.0,0.0
729,2024-02-09,0.0,0.0,0.0,0.0,0.0,0.0,0.0,0.0,1.0
730,2024-02-07,0.0,1.0,0.0,0.0,1.0,0.0,1.0,1.0,1.0
731,2024-02-06,0.0,1.0,0.0,0.0,1.0,0.0,1.0,0.0,0.0
732,2024-02-05,0.0,0.0,0.0,0.0,0.0,0.0,0.0,2.0,0.0
733,2024-02-04,0.0,0.0,0.0,0.0,0.0,0.0,0.0,2.0,1.0
734,2024-02-03,0.0,0.0,0.0,0.0,0.0,0.0,0.0,1.0,1.0
735,2024-02-02,0.0,0.0,0.0,0.0,0.0,0.0,0.0,1.0,0.0
736,2024-02-01,0.0,1.0,0.0,0.0,1.0,0.0,1.0,1.0,0.0
737,2024-01-30,0.0,1.0,0.0,0.0,1.0,0.0,1.0,0.0,0.0
738,2024-01-27,0.0,0.0,0.0,0.0,0.0,0.0,0.0,0.0,1.0
739,2024-01-25,0.0,2.0,0.0,0.0,2.0,0.0,2.0,0.0,1.0
740,2024-01-24,0.0,1.0,0.0,0.0,1.0,0.0,1.0,0.0,1.0
741,2024-01-23,0.0,2.0,0.0,0.0,2.0,0.0,2.0,2.0,1.0
742,2024-01-20,0.0,0.0,0.0,0.0,0.0,0.0,0.0,1.0,1.0
743,2024-01-19,0.0,1.0,0.0,0.0,1.0,0.0,1.0,1.0,0.0
744,2024-01-18,0.0,1.0,0.0,0.0,1.0,0.0,1.0,2.0,0.0
745,2024-01-17,0.0,0.0,0.0,0.0,0.0,0.0,0.0,2.0,1.0
746,2024-01-16,0.0,2.0,0.0,0.0,2.0,0.0,2.0,0.0,1.0
747,2024-01-12,0.0,2.0,0.0,0.0,2.0,0.0,2.0,0.0,0.0
748,2024-01-11,0.0,0.0,0.0,0.0,0.0,0.0,0.0,0.0,1.0
749,2024-01-10,0.0,0.0,0.0,0.0,0.0,0.0,0.0,1.0,0.0
750,2024-01-07,0.0,0.0,0.0,0.0,0.0,0.0,0.0,1.0,0.0
751,2024-01-06,0.0,0.0,0.0,0.0,0.0,0.0,0.0,3.0,0.0
752,2024-01-05,0.0,0.0,0.0,0.0,0.0,0.0,0.0,4.0,0.0
753,2024-01-04,0.0,0.0,0.0,0.0,0.0,0.0,0.0,5.0,2.0
754,2024-01-03,0.0,1.0,0.0,0.0,1.0,0.0,1.0,0.0,0.0
755,2024-01-02,0.0,2.0,0.0,0.0,2.0,0.0,2.0,0.0,1.0
756,2024-01-01,0.0,1.0,0.0,0.0,1.0,0.0,1.0,0.0,0.0
757,2023-12-30,0.0,0.0,0.0,0.0,0.0,0.0,0.0,1.0,0.0
758,2023-12-29,0.0,2.0,0.0,0.0,2.0,0.0,2.0,0.0,0.0
759,2023-12-28,0.0,0.0,0.0,0.0,0.0,0.0,0.0,1.0,0.0
760,2023-12-27,0.0,0.0,0.0,0.0,0.0,0.0,0.0,1.0,0.0
761,2023-12-26,0.0,2.0,0.0,0.0,2.0,0.0,2.0,0.0,0.0
762,2023-12-22,0.0,0.0,0.0,0.0,0.0,0.0,0.0,1.0,0.0
763,2023-12-20,0.0,0.0,0.0,0.0,0.0,0.0,0.0,0.0,2.0
764,2023-12-19,0.0,1.0,0.0,0.0,1.0,0.0,1.0,0.0,0.0
765,2023-12-18,0.0,1.0,0.0,0.0,1.0,0.0,1.0,0.0,0.0
766,2023-12-15,0.0,1.0,0.0,0.0,1.0,0.0,1.0,0.0,0.0
767,2023-12-13,0.0,1.0,0.0,0.0,1.0,0.0,1.0,0.0,1.0
768,2023-12-11,0.0,1.0,0.0,0.0,0.0,1.0,1.0,0.0,1.0
769,2023-12-09,0.0,0.0,0.0,0.0,0.0,0.0,0.0,0.0,1.0
770,2023-12-01,0.0,2.0,0.0,0.0,0.0,2.0,2.0,0.0,0.0
771,2023-11-28,0.0,0.0,0.0,0.0,0.0,0.0,0.0,0.0,1.0
772,2023-11-23,0.0,2.0,0.0,0.0,2.0,0.0,2.0,0.0,0.0
773,2023-11-15,0.0,1.0,0.0,0.0,1.0,0.0,1.0,0.0,0.0
774,2023-11-11,0.0,1.0,0.0,0.0,1.0,0.0,1.0,0.0,0.0
775,2023-11-07,1.0,0.0,0.0,0.0,0.0,0.0,0.0,1.0,1.0
776,2023-10-25,0.0,1.0,0.0,0.0,1.0,0.0,1.0,0.0,0.0
777,2023-10-23,0.0,1.0,0.0,0.0,1.0,0.0,1.0,0.0,0.0
778,2023-10-16,0.0,0.0,0.0,0.0,0.0,0.0,0.0,0.0,1.0
779,2023-10-03,0.0,0.0,0.0,0.0,0.0,0.0,0.0,1.0,0.0
780,2023-09-09,0.0,0.0,0.0,0.0,0.0,0.0,0.0,1.0,0.0
781,2023-08-23,0.0,0.0,0.0,0.0,0.0,0.0,0.0,0.0,1.0
782,2023-08-19,0.0,1.0,0.0,0.0,1.0,0.0,1.0,0.0,0.0
783,2023-08-17,0.0,1.0,0.0,0.0,1.0,0.0,1.0,0.0,0.0
784,2023-08-14,0.0,1.0,0.0,0.0,1.0,0.0,1.0,0.0,0.0
785,2023-08-11,0.0,0.0,0.0,0.0,0.0,0.0,0.0,1.0,0.0
786,2023-08-09,0.0,1.0,0.0,0.0,1.0,0.0,1.0,0.0,0.0
787,2023-07-28,0.0,1.0,0.0,0.0,1.0,0.0,1.0,0.0,0.0
788,2023-07-18,0.0,0.0,0.0,0.0,0.0,0.0,0.0,0.0,1.0
789,2023-07-11,0.0,1.0,0.0,0.0,1.0,0.0,1.0,0.0,0.0
790,2023-07-08,0.0,1.0,0.0,0.0,1.0,0.0,1.0,0.0,0.0
791,2023-07-02,0.0,1.0,0.0,0.0,1.0,0.0,1.0,0.0,0.0
792,2022-12-06,0.0,1.0,0.0,0.0,1.0,0.0,1.0,0.0,0.0
793,2022-12-01,0.0,1.0,0.0,0.0,1.0,0.0,1.0,0.0,0.0
794,2022-11-25,0.0,1.0,0.0,0.0,1.0,0.0,1.0,0.0,0.0
795,2022-09-17,0.0,0.0,0.0,0.0,0.0,0.0,0.0,1.0,0.0
