state,district,applications,installations,conversion_rate_pct,capacity_installed_kw,avg_system_size_kw
ANDHRA PRADESH,Palnadu,137592,2951,2.14,0.0,0.0
ANDHRA PRADESH,Guntur,106049,6856,6.46,0.0,0.0
ANDHRA PRADESH,Nandyal,106014,2775,2.62,0.0,0.0
UTTAR PRADESH,Lucknow,98923,72547,73.34,0.0,0.0
ANDHRA PRADESH,Kurnool,89456,2117,2.37,0.0,0.0
ANDHRA PRADESH,NTR,88781,4806,5.41,0.0,0.0
MAHARASHTRA,Nagpur,88092,65385,74.22,0.0,0.0
ANDHRA PRADESH,Krishna,82717,5987,7.24,0.0,0.0
GUJARAT,Surat,80845,71030,87.86,0.0,0.0
GUJARAT,Ahmedabad,78354,65724,83.88,0.0,0.0
ANDHRA PRADESH,Chittoor,75079,1323,1.76,0.0,0.0
GUJARAT,Rajkot,68310,61600,90.18,0.0,0.0
ANDHRA PRADESH,Sri Potti Sriramulu Nellore,65855,4121,6.26,0.0,0.0
UTTAR PRADESH,Varanasi,65369,30225,46.24,0.0,0.0
ANDHRA PRADESH,Bapatla,63405,4445,7.01,0.0,0.0
ANDHRA PRADESH,Y.S.R.,62035,2094,3.38,0.0,0.0
ANDHRA PRADESH,Tirupati,60893,3724,6.12,0.0,0.0
UTTAR PRADESH,Rae Bareli,60161,10305,17.13,0.0,0.0
GUJARAT,Vadodara,55822,47100,84.38,0.0,0.0
ANDHRA PRADESH,Sri Sathya Sai,55406,868,1.57,0.0,0.0
ANDHRA PRADESH,Prakasam,55034,4519,8.21,0.0,0.0
UTTAR PRADESH,Kushinagar,52483,813,1.55,0.0,0.0
RAJASTHAN,Jaipur,47943,28071,58.55,0.0,0.0
ASSAM,Dhubri,47814,8131,17.01,0.0,0.0
ANDHRA PRADESH,Annamayya,44442,1537,3.46,0.0,0.0
MAHARASHTRA,Pune,44369,30839,69.51,0.0,0.0
ANDHRA PRADESH,Ananthapuramu,44253,2416,5.46,0.0,0.0
KERALA,Ernakulam,44248,33635,76.01,0.0,0.0
MAHARASHTRA,Chhatrapati Sambhajinagar,43833,30175,68.84,0.0,0.0
ANDHRA PRADESH,Eluru,41085,6237,15.18,0.0,0.0
MAHARASHTRA,Jalgaon,40971,31032,75.74,0.0,0.0
ASSAM,Barpeta,40184,8049,20.03,0.0,0.0
MAHARASHTRA,Nashik,40146,27757,69.14,0.0,0.0
MAHARASHTRA,Amravati,37653,26166,69.49,0.0,0.0
UTTAR PRADESH,Kanpur Nagar,36773,22496,61.18,0.0,0.0
UTTAR PRADESH,Gorakhpur,35895,7455,20.77,0.0,0.0
UTTAR PRADESH,Agra,34516,13177,38.18,0.0,0.0
ASSAM,Nagaon,33308,4687,14.07,0.0,0.0
UTTARAKHAND,Dehradun,32449,22330,68.82,0.0,0.0
KERALA,Thrissur,32069,24687,76.98,0.0,0.0
GUJARAT,Junagadh,31440,26824,85.32,0.0,0.0
MADHYA PRADESH,Indore,31081,17559,56.49,0.0,0.0
GUJARAT,Mahesana,29843,25326,84.86,0.0,0.0
GUJARAT,Bhavnagar,29691,24719,83.25,0.0,0.0
ASSAM,Darrang,29079,2254,7.75,0.0,0.0
UTTAR PRADESH,Bareilly,28896,15813,54.72,0.0,0.0
UTTAR PRADESH,PRAYAGRAJ,27145,12154,44.77,0.0,0.0
KERALA,Thiruvananthapuram,27078,19793,73.1,0.0,0.0
UTTAR PRADESH,Shahjahanpur,26662,5860,21.98,0.0,0.0
ASSAM,HOJAI,26187,5166,19.73,0.0,0.0
KARNATAKA,BELAGAVI,26166,777,2.97,0.0,0.0
UTTAR PRADESH,Mahrajganj,25869,1473,5.69,0.0,0.0
MAHARASHTRA,Kolhapur,25365,18926,74.61,0.0,0.0
UTTAR PRADESH,Bijnor,25216,3369,13.36,0.0,0.0
UTTAR PRADESH,Ghaziabad,24858,4916,19.78,0.0,0.0
UTTAR PRADESH,Unnao,24164,5956,24.65,0.0,0.0
MAHARASHTRA,Ahilyanagar,24075,16046,66.65,0.0,0.0
GUJARAT,Banas Kantha,23850,18890,79.2,0.0,0.0
RAJASTHAN,Ganganagar,23684,12357,52.17,0.0,0.0
ASSAM,Kamrup,23675,1900,8.03,0.0,0.0
ASSAM,Baksa,23507,4681,19.91,0.0,0.0
UTTAR PRADESH,Sitapur,23433,6202,26.47,0.0,0.0
ASSAM,Bongaigaon,23159,3800,16.41,0.0,0.0
MAHARASHTRA,Solapur,22693,15511,68.35,0.0,0.0
UTTARAKHAND,Udham Singh Nagar,22164,12238,55.22,0.0,0.0
GUJARAT,Anand,22094,18482,83.65,0.0,0.0
UTTAR PRADESH,Mathura,22024,3475,15.78,0.0,0.0
UTTAR PRADESH,Hardoi,21957,3348,15.25,0.0,0.0
KERALA,Malappuram,21952,15899,72.43,0.0,0.0
KERALA,Alappuzha,21944,15725,71.66,0.0,0.0
ANDHRA PRADESH,West Godavari,21895,4964,22.67,0.0,0.0
ODISHA,Ganjam,21433,2488,11.61,0.0,0.0
MAHARASHTRA,BULDHANA,21404,14126,66.0,0.0,0.0
UTTAR PRADESH,Kheri,21385,4238,19.82,0.0,0.0
ANDHRA PRADESH,East Godavari,21096,5501,26.08,0.0,0.0
GUJARAT,Jamnagar,20771,18217,87.7,0.0,0.0
ASSAM,Lakhimpur,20770,4552,21.92,0.0,0.0
UTTAR PRADESH,Rampur,20745,4146,19.99,0.0,0.0
KERALA,Kollam,20720,15630,75.43,0.0,0.0
ASSAM,Goalpara,20656,4598,22.26,0.0,0.0
MAHARASHTRA,Wardha,20524,13619,66.36,0.0,0.0
KARNATAKA,CHIKKAMAGALURU,20360,145,0.71,0.0,0.0
UTTAR PRADESH,Firozabad,20356,3425,16.83,0.0,0.0
UTTAR PRADESH,Moradabad,20345,3431,16.86,0.0,0.0
MADHYA PRADESH,Bhopal,20286,16494,81.31,0.0,0.0
GUJARAT,Sabar Kantha,20231,17124,84.64,0.0,0.0
JAMMU and KASHMIR,Kupwara,19823,2033,10.26,0.0,0.0
CHHATTISGARH,Raipur,19068,7189,37.7,0.0,0.0
GUJARAT,Bharuch,18615,15954,85.71,0.0,0.0
KERALA,Kozhikode,18607,13197,70.92,0.0,0.0
KERALA,Kannur,18406,13745,74.68,0.0,0.0
ANDHRA PRADESH,Kakinada,18350,5808,31.65,0.0,0.0
GUJARAT,Kachchh,18256,15692,85.96,0.0,0.0
ANDHRA PRADESH,Vizianagaram,17411,5070,29.12,0.0,0.0
UTTARAKHAND,HARIDWAR,17410,9318,53.52,0.0,0.0
MAHARASHTRA,Akola,17407,11802,67.8,0.0,0.0
MAHARASHTRA,Dhule,17275,13048,75.53,0.0,0.0
MAHARASHTRA,Chandrapur,17207,11350,65.96,0.0,0.0
MAHARASHTRA,Sangli,17195,11489,66.82,0.0,0.0
TELANGANA,Khammam,16745,2156,12.88,0.0,0.0
UTTAR PRADESH,Deoria,16671,1443,8.66,0.0,0.0
MAHARASHTRA,Latur,16616,10599,63.79,0.0,0.0
ASSAM,Marigaon,16535,2258,13.66,0.0,0.0
KERALA,Palakkad,16440,11986,72.91,0.0,0.0
GUJARAT,Amreli,16259,14307,87.99,0.0,0.0
ANDHRA PRADESH,Visakhapatnam,16221,5332,32.87,0.0,0.0
MAHARASHTRA,Yavatmal,16184,10672,65.94,0.0,0.0
ANDHRA PRADESH,Anakapalli,16149,4529,28.05,0.0,0.0
ASSAM,Dhemaji,16100,2546,15.81,0.0,0.0
RAJASTHAN,Sikar,15997,8140,50.88,0.0,0.0
KERALA,Kottayam,15560,11659,74.93,0.0,0.0
UTTARAKHAND,Nainital,15212,10897,71.63,0.0,0.0
RAJASTHAN,Hanumangarh,15085,7960,52.77,0.0,0.0
UTTAR PRADESH,Muzaffarnagar,14735,7340,49.81,0.0,0.0
UTTAR PRADESH,Jhansi,14492,9644,66.55,0.0,0.0
ASSAM,Karbi Anglong,14445,1837,12.72,0.0,0.0
UTTAR PRADESH,Saharanpur,14329,5558,38.79,0.0,0.0
GUJARAT,Gandhinagar,14265,12126,85.01,0.0,0.0
GUJARAT,Surendranagar,14184,12546,88.45,0.0,0.0
KARNATAKA,SHIVAMOGGA,14079,526,3.74,0.0,0.0
ODISHA,Khordha,13916,6095,43.8,0.0,0.0
GUJARAT,Kheda,13914,11675,83.91,0.0,0.0
RAJASTHAN,Jodhpur,13873,7609,54.85,0.0,0.0
UTTAR PRADESH,Meerut,13736,6618,48.18,0.0,0.0
CHHATTISGARH,MUNGELI,13725,189,1.38,0.0,0.0
MAHARASHTRA,Satara,13604,7926,58.26,0.0,0.0
UTTAR PRADESH,Mirzapur,13594,3947,29.03,0.0,0.0
ASSAM,Golaghat,13307,2193,16.48,0.0,0.0
UTTAR PRADESH,Mainpuri,13197,1585,12.01,0.0,0.0
ASSAM,Sonitpur,13148,2066,15.71,0.0,0.0
RAJASTHAN,JHUNJHUNU,12984,6300,48.52,0.0,0.0
ANDHRA PRADESH,Srikakulam,12973,4946,38.13,0.0,0.0
NCT OF DELHI,North West,12900,2629,20.38,0.0,0.0
JAMMU and KASHMIR,Budgam,12729,1031,8.1,0.0,0.0
UTTAR PRADESH,Bara Banki,12429,7552,60.76,0.0,0.0
ASSAM,Kokrajhar,12400,2806,22.63,0.0,0.0
ASSAM,Cachar,12344,1378,11.16,0.0,0.0
RAJASTHAN,Ajmer,12277,5585,45.49,0.0,0.0
MAHARASHTRA,Nanded,12234,7656,62.58,0.0,0.0
GUJARAT,Patan,12232,9767,79.85,0.0,0.0
GUJARAT,Morbi,12185,11235,92.2,0.0,0.0
ODISHA,Baleshwar,12047,2379,19.75,0.0,0.0
MAHARASHTRA,Jalna,12012,7438,61.92,0.0,0.0
MAHARASHTRA,Bhandara,11669,8271,70.88,0.0,0.0
UTTAR PRADESH,Amroha,11475,831,7.24,0.0,0.0
ASSAM,Jorhat,11170,4257,38.11,0.0,0.0
RAJASTHAN,Alwar,11112,3384,30.45,0.0,0.0
KARNATAKA,BENGALURU URBAN,10954,5540,50.58,0.0,0.0
ASSAM,Kamrup Metro,10927,3653,33.43,0.0,0.0
UTTAR PRADESH,Azamgarh,10750,2369,22.04,0.0,0.0
BIHAR,Patna,10740,6231,58.02,0.0,0.0
UTTAR PRADESH,SAMBHAL,10626,1479,13.92,0.0,0.0
ASSAM,Karimganj,10579,972,9.19,0.0,0.0
RAJASTHAN,Udaipur,10536,6927,65.75,0.0,0.0
ODISHA,Cuttack,10500,2941,28.01,0.0,0.0
CHHATTISGARH,Balodabazar-Bhatapara,10475,1940,18.52,0.0,0.0
RAJASTHAN,Bikaner,10432,5573,53.42,0.0,0.0
GUJARAT,Navsari,10413,9111,87.5,0.0,0.0
CHHATTISGARH,Durg,10319,4697,45.52,0.0,0.0
ASSAM,Udalguri,10264,731,7.12,0.0,0.0
ASSAM,Nalbari,10210,1280,12.54,0.0,0.0
KARNATAKA,Hassan,10070,187,1.86,0.0,0.0
UTTAR PRADESH,Pilibhit,9904,4034,40.73,0.0,0.0
UTTAR PRADESH,Aligarh,9835,5374,54.64,0.0,0.0
GUJARAT,Valsad,9635,8121,84.29,0.0,0.0
ANDHRA PRADESH,Parvathipuram Manyam,9607,1462,15.22,0.0,0.0
UTTAR PRADESH,AYODHYA,9567,4518,47.22,0.0,0.0
KARNATAKA,Kolar,9519,84,0.88,0.0,0.0
KARNATAKA,DAVANGERE,9318,210,2.25,0.0,0.0
UTTAR PRADESH,Farrukhabad,9296,2922,31.43,0.0,0.0
MAHARASHTRA,BEED,9276,6046,65.18,0.0,0.0
HARYANA,Sirsa,9265,4035,43.55,0.0,0.0
KARNATAKA,MYSURU,9250,1249,13.5,0.0,0.0
ANDHRA PRADESH,Konaseema,9249,2948,31.87,0.0,0.0
ASSAM,Chirang,9210,1201,13.04,0.0,0.0
KERALA,Pathanamthitta,9174,6904,75.26,0.0,0.0
CHHATTISGARH,SARANGARH BILAIGARH,9140,626,6.85,0.0,0.0
MAHARASHTRA,GONDIA,9041,5791,64.05,0.0,0.0
HARYANA,Hisar,8930,3538,39.62,0.0,0.0
MAHARASHTRA,Parbhani,8844,6003,67.88,0.0,0.0
TAMIL NADU,Coimbatore,8818,7533,85.43,0.0,0.0
MAHARASHTRA,RAIGAD,8803,5682,64.55,0.0,0.0
MADHYA PRADESH,Jabalpur,8751,6792,77.61,0.0,0.0
UTTAR PRADESH,Bulandshahr,8709,1937,22.24,0.0,0.0
ASSAM,Hailakandi,8636,444,5.14,0.0,0.0
KERALA,Kasaragod,8560,6028,70.42,0.0,0.0
ASSAM,Biswanath,8553,2853,33.36,0.0,0.0
JAMMU and KASHMIR,Srinagar,8467,3906,46.13,0.0,0.0
HARYANA,Rewari,8446,4809,56.94,0.0,0.0
UTTAR PRADESH,Jaunpur,8440,2108,24.98,0.0,0.0
MAHARASHTRA,Nandurbar,8395,5807,69.17,0.0,0.0
RAJASTHAN,Bhilwara,8352,4591,54.97,0.0,0.0
UTTAR PRADESH,Etawah,8265,3584,43.36,0.0,0.0
ODISHA,Jagatsinghapur,8246,904,10.96,0.0,0.0
RAJASTHAN,Kota,8144,5002,61.42,0.0,0.0
MAHARASHTRA,Washim,8128,5496,67.62,0.0,0.0
RAJASTHAN,Churu,8048,3608,44.83,0.0,0.0
JAMMU and KASHMIR,Jammu,8022,3517,43.84,0.0,0.0
GUJARAT,Gir Somnath,8012,7036,87.82,0.0,0.0
CHHATTISGARH,Rajnandgaon,7995,1227,15.35,0.0,0.0
UTTAR PRADESH,Kaushambi,7926,1100,13.88,0.0,0.0
TELANGANA,RANGA REDDY,7843,4653,59.33,0.0,0.0
TELANGANA,MEDCHAL MALKAJGIRI,7697,4357,56.61,0.0,0.0
ODISHA,Jajapur,7648,1466,19.17,0.0,0.0
UTTAR PRADESH,Auraiya,7600,1872,24.63,0.0,0.0
ODISHA,Bargarh,7563,2148,28.4,0.0,0.0
UTTAR PRADESH,Ballia,7560,997,13.19,0.0,0.0
GUJARAT,Porbandar,7502,6423,85.62,0.0,0.0
KARNATAKA,Chikkaballapura,7465,32,0.43,0.0,0.0
KARNATAKA,Chitradurga,7257,111,1.53,0.0,0.0
TAMIL NADU,Chennai,7200,5996,83.28,0.0,0.0
UTTAR PRADESH,Kannauj,7197,1221,16.97,0.0,0.0
UTTAR PRADESH,Ghazipur,7128,2216,31.09,0.0,0.0
ODISHA,Kandhamal,7067,69,0.98,0.0,0.0
HARYANA,Yamunanagar,7026,3944,56.13,0.0,0.0
HARYANA,Karnal,6987,3483,49.85,0.0,0.0
UTTAR PRADESH,Ambedkar Nagar,6934,3118,44.97,0.0,0.0
UTTAR PRADESH,BASTI,6886,1924,27.94,0.0,0.0
MADHYA PRADESH,Ujjain,6792,3543,52.16,0.0,0.0
RAJASTHAN,CHITTORGARH,6750,4458,66.04,0.0,0.0
UTTAR PRADESH,CHANDAULI,6750,2629,38.95,0.0,0.0
GUJARAT,Panch Mahals,6695,5396,80.6,0.0,0.0
CHHATTISGARH,Mahasamund,6680,2237,33.49,0.0,0.0
MADHYA PRADESH,Gwalior,6677,5160,77.28,0.0,0.0
CHHATTISGARH,BEMETARA,6659,587,8.82,0.0,0.0
HARYANA,Kaithal,6625,3445,52.0,0.0,0.0
ASSAM,Tinsukia,6531,1272,19.48,0.0,0.0
ODISHA,Sundargarh,6495,2233,34.38,0.0,0.0
UTTARAKHAND,Pauri Garhwal,6478,4572,70.58,0.0,0.0
HARYANA,Kurukshetra,6424,4224,65.75,0.0,0.0
ASSAM,SOUTH SALMARA MANCACHAR,6411,1276,19.9,0.0,0.0
ASSAM,Dibrugarh,6374,1153,18.09,0.0,0.0
UTTAR PRADESH,SONBHADRA,6321,1820,28.79,0.0,0.0
UTTAR PRADESH,Amethi,6311,2686,42.56,0.0,0.0
UTTAR PRADESH,Pratapgarh,6284,2346,37.33,0.0,0.0
CHHATTISGARH,Bilaspur,6209,2142,34.5,0.0,0.0
ODISHA,Bhadrak,6186,869,14.05,0.0,0.0
UTTAR PRADESH,Bahraich,6185,2395,38.72,0.0,0.0
GUJARAT,Botad,6162,5748,93.28,0.0,0.0
UTTAR PRADESH,Kanpur Dehat,6138,498,8.11,0.0,0.0
UTTAR PRADESH,MAU,6131,1587,25.88,0.0,0.0
ODISHA,Balangir,6106,1231,20.16,0.0,0.0
UTTAR PRADESH,Jalaun,6105,2247,36.81,0.0,0.0
ODISHA,Dhenkanal,6088,881,14.47,0.0,0.0
ODISHA,Mayurbhanj,6042,1650,27.31,0.0,0.0
MADHYA PRADESH,Ratlam,5993,3159,52.71,0.0,0.0
CHHATTISGARH,Dhamtari,5982,1547,25.86,0.0,0.0
RAJASTHAN,Pali,5871,2696,45.92,0.0,0.0
HARYANA,Ambala,5870,3892,66.3,0.0,0.0
HARYANA,Panipat,5844,1982,33.92,0.0,0.0
HARYANA,Rohtak,5839,3609,61.81,0.0,0.0
ODISHA,Puri,5814,847,14.57,0.0,0.0
RAJASTHAN,Sawai Madhopur,5790,988,17.06,0.0,0.0
ODISHA,Kalahandi,5741,1372,23.9,0.0,0.0
UTTAR PRADESH,Fatehpur,5728,2378,41.52,0.0,0.0
HARYANA,Fatehabad,5703,2539,44.52,0.0,0.0
UTTAR PRADESH,SHAMLI,5547,2380,42.91,0.0,0.0
UTTAR PRADESH,Siddharthnagar,5498,1235,22.46,0.0,0.0
UTTAR PRADESH,Gautam Buddha Nagar,5491,2262,41.19,0.0,0.0
UTTAR PRADESH,Sultanpur,5460,2472,45.27,0.0,0.0
JAMMU and KASHMIR,BARAMULLA,5449,1134,20.81,0.0,0.0
UTTAR PRADESH,HAPUR,5283,1695,32.08,0.0,0.0
HARYANA,Sonipat,5268,2222,42.18,0.0,0.0
ODISHA,Sambalpur,5247,1662,31.68,0.0,0.0
HARYANA,GURUGRAM,5078,2793,55.0,0.0,0.0
TAMIL NADU,CHENGALPATTU,5025,3996,79.52,0.0,0.0
MADHYA PRADESH,Khargone (West Nimar),5000,2200,44.0,0.0,0.0
UTTAR PRADESH,Budaun,4973,1158,23.29,0.0,0.0
GUJARAT,Arvalli,4856,4023,82.85,0.0,0.0
MAHARASHTRA,Dharashiv,4845,2932,60.52,0.0,0.0
HARYANA,Bhiwani,4805,1879,39.11,0.0,0.0
MADHYA PRADESH,Dewas,4780,2850,59.62,0.0,0.0
JAMMU and KASHMIR,Anantnag,4764,1532,32.16,0.0,0.0
RAJASTHAN,Beawar,4759,1213,25.49,0.0,0.0
ODISHA,Kendujhar,4700,844,17.96,0.0,0.0
HARYANA,Jind,4688,1429,30.48,0.0,0.0
HARYANA,Jhajjar,4677,2095,44.79,0.0,0.0
CHHATTISGARH,Korba,4615,842,18.24,0.0,0.0
ODISHA,Nuapada,4613,1349,29.24,0.0,0.0
KARNATAKA,Haveri,4599,129,2.8,0.0,0.0
KARNATAKA,TUMAKURU,4589,239,5.21,0.0,0.0
UTTAR PRADESH,Gonda,4453,1408,31.62,0.0,0.0
TELANGANA,HANUMAKONDA,4450,1449,32.56,0.0,0.0
TRIPURA,West Tripura,4448,1438,32.33,0.0,0.0
CHHATTISGARH,Raigarh,4430,1363,30.77,0.0,0.0
ASSAM,SIVASAGAR,4380,1101,25.14,0.0,0.0
ODISHA,Anugul,4243,646,15.23,0.0,0.0
ASSAM,Dima Hasao,4237,471,11.12,0.0,0.0
MAHARASHTRA,Thane,4191,2568,61.27,0.0,0.0
MADHYA PRADESH,Mandsaur,4190,2001,47.76,0.0,0.0
RAJASTHAN,Didwana Kuchaman,4187,2011,48.03,0.0,0.0
ODISHA,Kendrapara,4096,383,9.35,0.0,0.0
MAHARASHTRA,Gadchiroli,4064,2447,60.21,0.0,0.0
TELANGANA,Hyderabad,3997,2318,57.99,0.0,0.0
UTTAR PRADESH,Lalitpur,3980,2843,71.43,0.0,0.0
UTTAR PRADESH,Banda,3976,1673,42.08,0.0,0.0
ODISHA,Nayagarh,3959,650,16.42,0.0,0.0
MAHARASHTRA,Hingoli,3951,2614,66.16,0.0,0.0
BIHAR,Samastipur,3926,533,13.58,0.0,0.0
UTTAR PRADESH,Hamirpur,3876,1498,38.65,0.0,0.0
MADHYA PRADESH,Dhar,3863,1844,47.73,0.0,0.0
ODISHA,Gajapati,3831,130,3.39,0.0,0.0
MADHYA PRADESH,Vidisha,3803,2593,68.18,0.0,0.0
JAMMU and KASHMIR,Doda,3802,913,24.01,0.0,0.0
TELANGANA,BHADRADRI KOTHAGUDEM,3744,1379,36.83,0.0,0.0
RAJASTHAN,Bharatpur,3731,1099,29.46,0.0,0.0
ASSAM,CHARAIDEO,3723,1153,30.97,0.0,0.0
RAJASTHAN,Banswara,3713,922,24.83,0.0,0.0
CHHATTISGARH,KONDAGAON,3704,597,16.12,0.0,0.0
RAJASTHAN,Barmer,3697,1027,27.78,0.0,0.0
KARNATAKA,Uttara Kannada,3689,518,14.04,0.0,0.0
UTTAR PRADESH,BHADOHI,3666,1067,29.11,0.0,0.0
UTTAR PRADESH,Sant Kabir Nagar,3628,594,16.37,0.0,0.0
JAMMU and KASHMIR,Udhampur,3596,657,18.27,0.0,0.0
BIHAR,Muzaffarpur,3583,915,25.54,0.0,0.0
JAMMU and KASHMIR,Kulgam,3574,529,14.8,0.0,0.0
TELANGANA,Karimnagar,3549,1454,40.97,0.0,0.0
ODISHA,NABARANGPUR,3506,138,3.94,0.0,0.0
MADHYA PRADESH,Neemuch,3496,1655,47.34,0.0,0.0
UTTAR PRADESH,Hathras,3486,1641,47.07,0.0,0.0
ASSAM,TAMULPUR,3440,135,3.92,0.0,0.0
TELANGANA,MANCHERIAL,3435,755,21.98,0.0,0.0
ANDHRA PRADESH,Alluri Sitharama Raju,3425,35,1.02,0.0,0.0
TAMIL NADU,Salem,3353,2816,83.98,0.0,0.0
CHHATTISGARH,Bastar,3346,347,10.37,0.0,0.0
RAJASTHAN,Tonk,3330,1019,30.6,0.0,0.0
JAMMU and KASHMIR,Pulwama,3301,1019,30.87,0.0,0.0
TAMIL NADU,Erode,3281,2795,85.19,0.0,0.0
UTTAR PRADESH,Baghpat,3261,972,29.81,0.0,0.0
UTTAR PRADESH,Balrampur,3240,894,27.59,0.0,0.0
RAJASTHAN,Nagaur,3205,1743,54.38,0.0,0.0
ODISHA,Sonepur,3203,736,22.98,0.0,0.0
JAMMU and KASHMIR,Kishtwar,3174,338,10.65,0.0,0.0
RAJASTHAN,Dausa,3139,1288,41.03,0.0,0.0
JAMMU and KASHMIR,SHOPIAN,3118,632,20.27,0.0,0.0
MAHARASHTRA,PALGHAR,3111,2060,66.22,0.0,0.0
KARNATAKA,Bengaluru Rural,3107,418,13.45,0.0,0.0
MADHYA PRADESH,Sagar,3099,2057,66.38,0.0,0.0
TAMIL NADU,Namakkal,3097,2666,86.08,0.0,0.0
HARYANA,Panchkula,3095,1402,45.3,0.0,0.0
KERALA,Idukki,3094,2080,67.23,0.0,0.0
TAMIL NADU,Tiruchirappalli,3093,2503,80.92,0.0,0.0
HARYANA,Faridabad,3089,883,28.59,0.0,0.0
CHHATTISGARH,MOHLA MANPUR AMBAGARH CHOUKI,3076,83,2.7,0.0,0.0
CHHATTISGARH,GARIYABAND,3067,760,24.78,0.0,0.0
HARYANA,Mahendragarh,3057,1098,35.92,0.0,0.0
TAMIL NADU,Tiruppur,3048,2506,82.22,0.0,0.0
RAJASTHAN,Pratapgarh,3038,1007,33.15,0.0,0.0
JAMMU and KASHMIR,Ganderbal,2996,550,18.36,0.0,0.0
RAJASTHAN,JALORE,2994,1226,40.95,0.0,0.0
TAMIL NADU,Thiruvallur,2965,2168,73.12,0.0,0.0
JAMMU and KASHMIR,Kathua,2964,1349,45.51,0.0,0.0
CHHATTISGARH,Janjgir Champa,2949,1073,36.39,0.0,0.0
RAJASTHAN,Rajsamand,2896,1419,49.0,0.0,0.0
PUDUCHERRY,Puducherry,2872,2104,73.26,0.0,0.0
KARNATAKA,Dakshina Kannada,2860,2021,70.66,0.0,0.0
GUJARAT,Dahod,2849,1937,67.99,0.0,0.0
TAMIL NADU,Madurai,2788,2129,76.36,0.0,0.0
JAMMU and KASHMIR,Samba,2772,720,25.97,0.0,0.0
UTTAR PRADESH,Etah,2753,1322,48.02,0.0,0.0
MADHYA PRADESH,Rewa,2750,1844,67.05,0.0,0.0
GUJARAT,Mahisagar,2749,2126,77.34,0.0,0.0
CHHATTISGARH,BALOD,2715,617,22.73,0.0,0.0
UTTAR PRADESH,Chitrakoot,2711,895,33.01,0.0,0.0
MADHYA PRADESH,Narmadapuram,2701,1906,70.57,0.0,0.0
MADHYA PRADESH,Barwani,2673,1753,65.58,0.0,0.0
RAJASTHAN,Kotputli-Behror,2599,948,36.48,0.0,0.0
KARNATAKA,Mandya,2522,133,5.27,0.0,0.0
BIHAR,Kaimur Bhabua,2519,103,4.09,0.0,0.0
MAHARASHTRA,Ratnagiri,2517,1687,67.02,0.0,0.0
ASSAM,WEST KARBI ANGLONG,2487,423,17.01,0.0,0.0
GUJARAT,Tapi,2479,1745,70.39,0.0,0.0
ODISHA,Jharsuguda,2459,882,35.87,0.0,0.0
BIHAR,Vaishali,2421,523,21.6,0.0,0.0
HIMACHAL PRADESH,Kangra,2399,1435,59.82,0.0,0.0
BIHAR,Bhagalpur,2370,806,34.01,0.0,0.0
BIHAR,Pashchim Champaran,2369,277,11.69,0.0,0.0
ODISHA,Rayagada,2357,414,17.56,0.0,0.0
UTTARAKHAND,Tehri Garhwal,2308,1497,64.86,0.0,0.0
KARNATAKA,Koppal,2308,100,4.33,0.0,0.0
JAMMU and KASHMIR,RAJOURI,2266,750,33.1,0.0,0.0
TAMIL NADU,Kanchipuram,2263,1775,78.44,0.0,0.0
NCT OF DELHI,South West,2229,1045,46.88,0.0,0.0
TELANGANA,PEDDAPALLI,2227,396,17.78,0.0,0.0
JAMMU and KASHMIR,BANDIPORA,2219,632,28.48,0.0,0.0
ODISHA,Koraput,2215,362,16.34,0.0,0.0
MADHYA PRADESH,Sehore,2208,1409,63.81,0.0,0.0
RAJASTHAN,Sirohi,2196,1293,58.88,0.0,0.0
BIHAR,Nalanda,2181,982,45.03,0.0,0.0
RAJASTHAN,Dungarpur,2178,1040,47.75,0.0,0.0
TELANGANA,Nizamabad,2176,1223,56.2,0.0,0.0
ASSAM,MAJULI,2120,305,14.39,0.0,0.0
TAMIL NADU,Thanjavur,2114,1659,78.48,0.0,0.0
ASSAM,BAJALI,2105,449,21.33,0.0,0.0
MAHARASHTRA,Sindhudurg,2104,1285,61.07,0.0,0.0
BIHAR,PURBI CHAMPARAN,2093,341,16.29,0.0,0.0
KARNATAKA,Dharwad,2090,590,28.23,0.0,0.0
RAJASTHAN,Jhalawar,2075,1027,49.49,0.0,0.0
UTTAR PRADESH,Mahoba,2071,1042,50.31,0.0,0.0
JHARKHAND,Ranchi,2031,788,38.8,0.0,0.0
MADHYA PRADESH,Burhanpur,2003,516,25.76,0.0,0.0
HIMACHAL PRADESH,Hamirpur,2003,1393,69.55,0.0,0.0
PUNJAB,S.A.S Nagar,1997,1092,54.68,0.0,0.0
BIHAR,Gaya,1995,642,32.18,0.0,0.0
KARNATAKA,Udupi,1990,1221,61.36,0.0,0.0
PUNJAB,Patiala,1983,1353,68.23,0.0,0.0
RAJASTHAN,Bundi,1982,768,38.75,0.0,0.0
UTTAR PRADESH,Kasganj,1980,833,42.07,0.0,0.0
RAJASTHAN,Balotra,1913,500,26.14,0.0,0.0
BIHAR,Sitamarhi,1911,462,24.18,0.0,0.0
UTTAR PRADESH,Shrawasti,1910,654,34.24,0.0,0.0
MADHYA PRADESH,Betul,1907,1341,70.32,0.0,0.0
TELANGANA,Nalgonda,1906,1043,54.72,0.0,0.0
TELANGANA,SANGAREDDY,1899,991,52.19,0.0,0.0
MADHYA PRADESH,Chhindwara,1876,1308,69.72,0.0,0.0
HARYANA,Palwal,1872,431,23.02,0.0,0.0
JAMMU and KASHMIR,POONCH,1853,283,15.27,0.0,0.0
MADHYA PRADESH,Satna,1841,1212,65.83,0.0,0.0
GUJARAT,Devbhoomi Dwarka,1802,1542,85.57,0.0,0.0
TELANGANA,SURYAPET,1798,1063,59.12,0.0,0.0
TAMIL NADU,Virudhunagar,1794,1490,83.05,0.0,0.0
ODISHA,Boudh,1778,234,13.16,0.0,0.0
PUNJAB,Bathinda,1777,1157,65.11,0.0,0.0
CHHATTISGARH,Uttar Bastar Kanker,1755,0,0.0,0.0,0.0
TAMIL NADU,Karur,1731,1595,92.14,0.0,0.0
KERALA,Wayanad,1704,1021,59.92,0.0,0.0
KARNATAKA,KALABURAGI,1699,212,12.48,0.0,0.0
MADHYA PRADESH,Damoh,1695,1214,71.62,0.0,0.0
CHHATTISGARH,Surguja,1694,567,33.47,0.0,0.0
HARYANA,Charkhi Dadri,1675,413,24.66,0.0,0.0
MADHYA PRADESH,Chhatarpur,1666,1181,70.89,0.0,0.0
MADHYA PRADESH,Jhabua,1641,353,21.51,0.0,0.0
PUNJAB,Ludhiana,1636,780,47.68,0.0,0.0
BIHAR,Saran,1631,246,15.08,0.0,0.0
TAMIL NADU,Cuddalore,1621,1174,72.42,0.0,0.0
BIHAR,Darbhanga,1609,292,18.15,0.0,0.0
TELANGANA,WARANGAL,1607,704,43.81,0.0,0.0
JAMMU and KASHMIR,Reasi,1566,367,23.44,0.0,0.0
CHANDIGARH,Chandigarh,1553,1037,66.77,0.0,0.0
KARNATAKA,Raichur,1548,170,10.98,0.0,0.0
RAJASTHAN,Baran,1547,742,47.96,0.0,0.0
UTTARAKHAND,Almora,1546,979,63.32,0.0,0.0
GOA,SOUTH GOA,1541,934,60.61,0.0,0.0
TAMIL NADU,Kanniyakumari,1534,1153,75.16,0.0,0.0
GUJARAT,Narmada,1533,1083,70.65,0.0,0.0
UTTARAKHAND,Champawat,1532,1116,72.85,0.0,0.0
TAMIL NADU,Tirunelveli,1526,1224,80.21,0.0,0.0
NCT OF DELHI,West,1524,762,50.0,0.0,0.0
WEST BENGAL,North 24 Parganas,1522,113,7.42,0.0,0.0
RAJASTHAN,DHOLPUR,1510,727,48.15,0.0,0.0
TAMIL NADU,Thoothukkudi,1502,1176,78.3,0.0,0.0
CHHATTISGARH,Kabeerdham,1501,129,8.59,0.0,0.0
MADHYA PRADESH,Guna,1498,982,65.55,0.0,0.0
CHHATTISGARH,KHAIRGARH CHHUIKHADAN GANDAI,1493,154,10.31,0.0,0.0
GOA,NORTH GOA,1449,739,51.0,0.0,0.0
BIHAR,Purnia,1448,182,12.57,0.0,0.0
WEST BENGAL,Purba Medinipur,1440,42,2.92,0.0,0.0
LADAKH,LEH LADAKH,1436,1260,87.74,0.0,0.0
TELANGANA,VIKARABAD,1423,216,15.18,0.0,0.0
MADHYA PRADESH,Katni,1402,1015,72.4,0.0,0.0
MADHYA PRADESH,Khandwa (East Nimar),1400,519,37.07,0.0,0.0
JAMMU and KASHMIR,Ramban,1392,411,29.53,0.0,0.0
WEST BENGAL,Kolkata,1391,471,33.86,0.0,0.0
CHHATTISGARH,Jashpur,1387,177,12.76,0.0,0.0
HIMACHAL PRADESH,Mandi,1366,809,59.22,0.0,0.0
TELANGANA,Adilabad,1344,830,61.76,0.0,0.0
THE DADRA AND NAGAR HAVELI AND DAMAN AND DIU,Daman,1306,279,21.36,0.0,0.0
BIHAR,Begusarai,1303,310,23.79,0.0,0.0
KARNATAKA,BAGALKOTE,1277,392,30.7,0.0,0.0
BIHAR,Madhubani,1277,112,8.77,0.0,0.0
PUNJAB,Amritsar,1271,769,60.5,0.0,0.0
BIHAR,Rohtas,1271,262,20.61,0.0,0.0
HIMACHAL PRADESH,Bilaspur,1256,764,60.83,0.0,0.0
ODISHA,Malkangiri,1256,67,5.33,0.0,0.0
MADHYA PRADESH,Raisen,1238,731,59.05,0.0,0.0
HARYANA,NUH,1238,301,24.31,0.0,0.0
LAKSHADWEEP,Lakshadweep District,1234,819,66.37,0.0,0.0
TAMIL NADU,Vellore,1219,874,71.7,0.0,0.0
UTTARAKHAND,Uttarkashi,1196,545,45.57,0.0,0.0
KARNATAKA,Kodagu,1194,162,13.57,0.0,0.0
MADHYA PRADESH,Balaghat,1183,715,60.44,0.0,0.0
RAJASTHAN,Karauli,1157,465,40.19,0.0,0.0
PUNJAB,Jalandhar,1156,522,45.16,0.0,0.0
BIHAR,Bhojpur,1155,253,21.9,0.0,0.0
HIMACHAL PRADESH,Una,1127,756,67.08,0.0,0.0
KARNATAKA,BALLARI,1126,221,19.63,0.0,0.0
RAJASTHAN,Phalodi,1124,201,17.88,0.0,0.0
MADHYA PRADESH,Harda,1114,758,68.04,0.0,0.0
NCT OF DELHI,East,1098,375,34.15,0.0,0.0
PUNJAB,Hoshiarpur,1097,473,43.12,0.0,0.0
NCT OF DELHI,North East,1095,321,29.32,0.0,0.0
TELANGANA,Mahbubnagar,1091,287,26.31,0.0,0.0
TAMIL NADU,Dindigul,1091,812,74.43,0.0,0.0
MADHYA PRADESH,Tikamgarh,1091,717,65.72,0.0,0.0
TELANGANA,JAYASHANKAR BHUPALAPALLY,1082,167,15.43,0.0,0.0
PUNJAB,Fazilka,1063,421,39.6,0.0,0.0
MADHYA PRADESH,Ashoknagar,1062,630,59.32,0.0,0.0
MADHYA PRADESH,Narsimhapur,1052,802,76.24,0.0,0.0
HIMACHAL PRADESH,Solan,1048,507,48.38,0.0,0.0
BIHAR,Nawada,1041,257,24.69,0.0,0.0
GUJARAT,Chhotaudepur,1036,650,62.74,0.0,0.0
CHHATTISGARH,SURAJPUR,1025,105,10.24,0.0,0.0
HIMACHAL PRADESH,Sirmaur,1025,551,53.76,0.0,0.0
MADHYA PRADESH,Shivpuri,1024,600,58.59,0.0,0.0
UTTARAKHAND,Pithoragarh,1022,707,69.18,0.0,0.0
WEST BENGAL,HOOGHLY,1013,111,10.96,0.0,0.0
TAMIL NADU,Tiruvannamalai,1008,635,63.0,0.0,0.0
PUNJAB,Sangrur,1001,725,72.43,0.0,0.0
CHHATTISGARH,Gaurella Pendra Marwahi,971,44,4.53,0.0,0.0
KARNATAKA,VIJAYAPURA,969,220,22.7,0.0,0.0
BIHAR,Siwan,964,96,9.96,0.0,0.0
TAMIL NADU,Viluppuram,961,609,63.37,0.0,0.0
CHHATTISGARH,Dakshin Bastar Dantewada,958,0,0.0,0.0,0.0
WEST BENGAL,South 24 Parganas,957,62,6.48,0.0,0.0
NCT OF DELHI,South,957,469,49.01,0.0,0.0
BIHAR,Banka,953,81,8.5,0.0,0.0
TAMIL NADU,Krishnagiri,941,639,67.91,0.0,0.0
PUNJAB,Mansa,938,603,64.29,0.0,0.0
MADHYA PRADESH,Alirajpur,928,172,18.53,0.0,0.0
MADHYA PRADESH,Shajapur,928,541,58.3,0.0,0.0
TELANGANA,NAGARKURNOOL,922,589,63.88,0.0,0.0
BIHAR,Madhepura,921,76,8.25,0.0,0.0
ODISHA,Deogarh,914,172,18.82,0.0,0.0
WEST BENGAL,Paschim Medinipur,874,61,6.98,0.0,0.0
BIHAR,Supaul,857,125,14.59,0.0,0.0
TAMIL NADU,Thiruvarur,832,596,71.63,0.0,0.0
BIHAR,Gopalganj,831,87,10.47,0.0,0.0
TRIPURA,Gomati,812,172,21.18,0.0,0.0
JHARKHAND,Hazaribagh,811,40,4.93,0.0,0.0
MADHYA PRADESH,Shahdol,802,489,60.97,0.0,0.0
MIZORAM,AIZAWL,802,707,88.15,0.0,0.0
PUNJAB,Barnala,794,650,81.86,0.0,0.0
PUNJAB,SRI MUKTSAR SAHIB,791,401,50.7,0.0,0.0
MANIPUR,IMPHAL WEST,783,454,57.98,0.0,0.0
MADHYA PRADESH,Singrauli,759,532,70.09,0.0,0.0
MAHARASHTRA,Mumbai Suburban,758,385,50.79,0.0,0.0
KARNATAKA,Gadag,758,114,15.04,0.0,0.0
TELANGANA,SIDDIPET,754,371,49.2,0.0,0.0
CHHATTISGARH,SAKTI,752,297,39.49,0.0,0.0
WEST BENGAL,PURBA BARDHAMAN,750,52,6.93,0.0,0.0
RAJASTHAN,Jaisalmer,746,271,36.33,0.0,0.0
PUNJAB,Gurdaspur,743,417,56.12,0.0,0.0
TAMIL NADU,Sivaganga,741,499,67.34,0.0,0.0
TRIPURA,North Tripura,726,69,9.5,0.0,0.0
BIHAR,Aurangabad,717,123,17.15,0.0,0.0
BIHAR,Katihar,713,66,9.26,0.0,0.0
UTTARAKHAND,Chamoli,706,327,46.32,0.0,0.0
TELANGANA,Jagitial,705,281,39.86,0.0,0.0
MADHYA PRADESH,Rajgarh,703,363,51.64,0.0,0.0
BIHAR,Munger,700,206,29.43,0.0,0.0
BIHAR,Khagaria,691,91,13.17,0.0,0.0
MADHYA PRADESH,Seoni,690,405,58.7,0.0,0.0
HIMACHAL PRADESH,Chamba,690,334,48.41,0.0,0.0
RAJASTHAN,Anoopgarh,689,343,49.78,0.0,0.0
CHHATTISGARH,Korea,683,109,15.96,0.0,0.0
TRIPURA,Dhalai,682,67,9.82,0.0,0.0
TELANGANA,MAHABUBABAD,677,200,29.54,0.0,0.0
TAMIL NADU,TENKASI,675,468,69.33,0.0,0.0
MEGHALAYA,NORTH GARO HILLS,665,3,0.45,0.0,0.0
WEST BENGAL,Nadia,664,32,4.82,0.0,0.0
TAMIL NADU,Ranipet,654,478,73.09,0.0,0.0
BIHAR,Buxar,639,89,13.93,0.0,0.0
TAMIL NADU,Dharmapuri,629,459,72.97,0.0,0.0
HIMACHAL PRADESH,Shimla,622,201,32.32,0.0,0.0
JHARKHAND,Deoghar,617,242,39.22,0.0,0.0
TRIPURA,South Tripura,613,182,29.69,0.0,0.0
NCT OF DELHI,SHAHDARA,611,98,16.04,0.0,0.0
PUNJAB,Faridkot,611,419,68.58,0.0,0.0
TELANGANA,YADADRI BHUVANAGIRI,609,188,30.87,0.0,0.0
PUNJAB,Moga,596,364,61.07,0.0,0.0
CHHATTISGARH,Kanker,587,300,51.11,0.0,0.0
TAMIL NADU,KALLAKURICHI,583,404,69.3,0.0,0.0
ANDAMAN and NICOBAR ISLANDS,South Andamans,581,185,31.84,0.0,0.0
JHARKHAND,Giridih,574,8,1.39,0.0,0.0
THE DADRA AND NAGAR HAVELI AND DAMAN AND DIU,Dadra and Nagar Haveli,570,176,30.88,0.0,0.0
TAMIL NADU,Theni,566,435,76.86,0.0,0.0
BIHAR,Saharsa,563,75,13.32,0.0,0.0
JHARKHAND,EAST SINGHBUM,561,177,31.55,0.0,0.0
BIHAR,Araria,545,29,5.32,0.0,0.0
MADHYA PRADESH,Panna,544,303,55.7,0.0,0.0
BIHAR,Jamui,535,74,13.83,0.0,0.0
CHHATTISGARH,Balrampur-Ramanujganj,535,107,20.0,0.0,0.0
TAMIL NADU,Pudukkottai,528,374,70.83,0.0,0.0
RAJASTHAN,Deeg,528,161,30.49,0.0,0.0
JHARKHAND,Ramgarh,522,34,6.51,0.0,0.0
MEGHALAYA,West Garo Hills,520,2,0.38,0.0,0.0
WEST BENGAL,PASCHIM BARDHAMAN,510,36,7.06,0.0,0.0
RAJASTHAN,Kekri,508,293,57.68,0.0,0.0
WEST BENGAL,Murshidabad,500,27,5.4,0.0,0.0
TAMIL NADU,Ramanathapuram,489,310,63.39,0.0,0.0
TELANGANA,Nirmal,484,237,48.97,0.0,0.0
RAJASTHAN,Sanchor,482,151,31.33,0.0,0.0
RAJASTHAN,Khairthal-Tijara,475,157,33.05,0.0,0.0
JHARKHAND,Dhanbad,469,80,17.06,0.0,0.0
RAJASTHAN,Salumbar,463,159,34.34,0.0,0.0
TELANGANA,JANGOAN,453,186,41.06,0.0,0.0
PUNJAB,FEROZEPUR,446,201,45.07,0.0,0.0
RAJASTHAN,Dudu,445,8,1.8,0.0,0.0
TRIPURA,Unakoti,441,80,18.14,0.0,0.0
TELANGANA,KAMAREDDY,433,168,38.8,0.0,0.0
JHARKHAND,Garhwa,428,47,10.98,0.0,0.0
TAMIL NADU,Tirupathur,426,278,65.26,0.0,0.0
MADHYA PRADESH,Agar Malwa,421,153,36.34,0.0,0.0
WEST BENGAL,Birbhum,416,51,12.26,0.0,0.0
UTTARAKHAND,Bageshwar,416,244,58.65,0.0,0.0
BIHAR,Lakhisarai,414,51,12.32,0.0,0.0
MANIPUR,IMPHAL EAST,411,229,55.72,0.0,0.0
WEST BENGAL,Bankura,404,16,3.96,0.0,0.0
RAJASTHAN,Neem Ka Thana,403,214,53.1,0.0,0.0
TAMIL NADU,Mayiladuthurai,401,290,72.32,0.0,0.0
KARNATAKA,Ramanagara,400,36,9.0,0.0,0.0
CHHATTISGARH,Narayanpur,399,77,19.3,0.0,0.0
JHARKHAND,Chatra,397,12,3.02,0.0,0.0
LADAKH,Kargil,397,109,27.46,0.0,0.0
PUNJAB,Pathankot,393,192,48.85,0.0,0.0
WEST BENGAL,Howrah,391,43,11.0,0.0,0.0
JHARKHAND,Bokaro,387,86,22.22,0.0,0.0
MADHYA PRADESH,Mandla,383,215,56.14,0.0,0.0
KARNATAKA,Bidar,378,75,19.84,0.0,0.0
KARNATAKA,Vijayanagara,372,113,30.38,0.0,0.0
NCT OF DELHI,New Delhi,367,147,40.05,0.0,0.0
MEGHALAYA,South Garo Hills,367,0,0.0,0.0,0.0
RAJASTHAN,Gangapurcity,366,161,43.99,0.0,0.0
TRIPURA,Sepahijala,363,129,35.54,0.0,0.0
TELANGANA,Mulugu,358,6,1.68,0.0,0.0
BIHAR,Kishanganj,352,46,13.07,0.0,0.0
WEST BENGAL,Malda,352,4,1.14,0.0,0.0
BIHAR,Jehanabad,352,91,25.85,0.0,0.0
KARNATAKA,Chamarajanagar,351,59,16.81,0.0,0.0
MADHYA PRADESH,Datia,336,221,65.77,0.0,0.0
NCT OF DELHI,Central,328,65,19.82,0.0,0.0
RAJASTHAN,Shahpura,325,199,61.23,0.0,0.0
NCT OF DELHI,South East,322,99,30.75,0.0,0.0
TAMIL NADU,Nagapattinam,319,210,65.83,0.0,0.0
WEST BENGAL,Uttar Dinajpur,318,68,21.38,0.0,0.0
PUNJAB,Fatehgarh Sahib,315,145,46.03,0.0,0.0
TELANGANA,WANAPARTHY,315,115,36.51,0.0,0.0
JHARKHAND,Palamu,312,27,8.65,0.0,0.0
CHHATTISGARH,MANENDRAGARH CHIRIMIRI BHARATPUR,306,56,18.3,0.0,0.0
TELANGANA,KUMURAM BHEEM ASIFABAD,303,85,28.05,0.0,0.0
MADHYA PRADESH,Sheopur,301,184,61.13,0.0,0.0
PUNJAB,Rupnagar,301,144,47.84,0.0,0.0
TRIPURA,Khowai,295,73,24.75,0.0,0.0
TELANGANA,Medak,290,118,40.69,0.0,0.0
NCT OF DELHI,North,290,100,34.48,0.0,0.0
BIHAR,Sheikhpura,289,56,19.38,0.0,0.0
PUDUCHERRY,Karaikal,288,203,70.49,0.0,0.0
HIMACHAL PRADESH,Kullu,287,101,35.19,0.0,0.0
MADHYA PRADESH,Sidhi,285,142,49.82,0.0,0.0
BIHAR,ARWAL,268,68,25.37,0.0,0.0
PUNJAB,Kapurthala,268,88,32.84,0.0,0.0
TAMIL NADU,Perambalur,259,200,77.22,0.0,0.0
MADHYA PRADESH,Morena,258,112,43.41,0.0,0.0
NAGALAND,Dimapur,254,114,44.88,0.0,0.0
TELANGANA,RAJANNA SIRCILLA,253,115,45.45,0.0,0.0
MAHARASHTRA,Mumbai,241,127,52.7,0.0,0.0
CHHATTISGARH,Sukma,240,34,14.17,0.0,0.0
PUNJAB,MALERKOTLA,236,156,66.1,0.0,0.0
TELANGANA,JOGULAMBA GADWAL,224,86,38.39,0.0,0.0
BIHAR,Sheohar,224,27,12.05,0.0,0.0
KARNATAKA,Yadgir,218,18,8.26,0.0,0.0
CHHATTISGARH,Bijapur,212,16,7.55,0.0,0.0
PUNJAB,Shahid Bhagat Singh Nagar,212,98,46.23,0.0,0.0
PUNJAB,Tarn Taran,208,108,51.92,0.0,0.0
RAJASTHAN,Jaipur Gramin,206,24,11.65,0.0,0.0
WEST BENGAL,Cooch Behar,200,0,0.0,0.0,0.0
JHARKHAND,Latehar,200,15,7.5,0.0,0.0
TAMIL NADU,Ariyalur,197,143,72.59,0.0,0.0
WEST BENGAL,Purulia,193,7,3.63,0.0,0.0
WEST BENGAL,Jalpaiguri,190,18,9.47,0.0,0.0
MADHYA PRADESH,Anuppur,187,82,43.85,0.0,0.0
PUDUCHERRY,Yanam,183,113,61.75,0.0,0.0
MADHYA PRADESH,Umaria,182,70,38.46,0.0,0.0
MEGHALAYA,SOUTH WEST GARO HILLS,181,3,1.66,0.0,0.0
JHARKHAND,Dumka,180,10,5.56,0.0,0.0
JHARKHAND,Godda,178,16,8.99,0.0,0.0
GUJARAT,Dangs,175,115,65.71,0.0,0.0
THE DADRA AND NAGAR HAVELI AND DAMAN AND DIU,Diu,169,104,61.54,0.0,0.0
UTTARAKHAND,Rudraprayag,154,99,64.29,0.0,0.0
MANIPUR,KANGPOKPI,147,42,28.57,0.0,0.0
WEST BENGAL,Dakshin Dinajpur,145,9,6.21,0.0,0.0
JHARKHAND,KODERMA,135,8,5.93,0.0,0.0
WEST BENGAL,DARJEELING,134,8,5.97,0.0,0.0
TAMIL NADU,The Nilgiris,133,80,60.15,0.0,0.0
TELANGANA,Narayanpet,126,29,23.02,0.0,0.0
MADHYA PRADESH,Bhind,121,35,28.93,0.0,0.0
CHHATTISGARH,Dantewada,121,20,16.53,0.0,0.0
JHARKHAND,WEST SINGHBHUM,113,19,16.81,0.0,0.0
JHARKHAND,Gumla,107,8,7.48,0.0,0.0
JHARKHAND,Jamtara,106,2,1.89,0.0,0.0
JHARKHAND,SAHEBGANJ,100,6,6.0,0.0,0.0
ANDAMAN and NICOBAR ISLANDS,NORTH and MIDDLE ANDAMAN,98,22,22.45,0.0,0.0
MADHYA PRADESH,Dindori,97,45,46.39,0.0,0.0
NAGALAND,Kohima,95,14,14.74,0.0,0.0
JHARKHAND,Lohardaga,94,15,15.96,0.0,0.0
MANIPUR,THOUBAL,93,24,25.81,0.0,0.0
WEST BENGAL,Jhargram,90,6,6.67,0.0,0.0
WEST BENGAL,Alipurduar,87,4,4.6,0.0,0.0
SIKKIM,Gyalshing,82,2,2.44,0.0,0.0
MADHYA PRADESH,Maihar,80,64,80.0,0.0,0.0
JHARKHAND,Simdega,78,4,5.13,0.0,0.0
PUDUCHERRY,Mahe,77,51,66.23,0.0,0.0
MIZORAM,LUNGLEI,77,41,53.25,0.0,0.0
NAGALAND,Chumoukedima,76,27,35.53,0.0,0.0
MEGHALAYA,East Khasi Hills,73,15,20.55,0.0,0.0
JHARKHAND,SARAIKELA KHARSAWAN,72,16,22.22,0.0,0.0
MADHYA PRADESH,Niwari,72,32,44.44,0.0,0.0
SIKKIM,Gangtok,70,14,20.0,0.0,0.0
MANIPUR,BISHNUPUR,69,16,23.19,0.0,0.0
RAJASTHAN,Jodhpur Gramin,67,4,5.97,0.0,0.0
JHARKHAND,PAKUR,65,11,16.92,0.0,0.0
MANIPUR,KAKCHING,54,21,38.89,0.0,0.0
MIZORAM,KOLASIB,48,40,83.33,0.0,0.0
MEGHALAYA,Ri Bhoi,46,1,2.17,0.0,0.0
NAGALAND,Tuensang,44,0,0.0,0.0,0.0
JHARKHAND,Khunti,41,2,4.88,0.0,0.0
HIMACHAL PRADESH,Kinnaur,41,15,36.59,0.0,0.0
SIKKIM,Namchi,39,7,17.95,0.0,0.0
MANIPUR,CHURACHANDPUR,37,6,16.22,0.0,0.0
MEGHALAYA,WEST JAINTIA HILLS,36,12,33.33,0.0,0.0
MADHYA PRADESH,Pandhurna,36,19,52.78,0.0,0.0
SIKKIM,Pakyong,34,2,5.88,0.0,0.0
SIKKIM,Soreng,31,2,6.45,0.0,0.0
NAGALAND,Mon,27,0,0.0,0.0,0.0
MIZORAM,CHAMPHAI,26,20,76.92,0.0,0.0
WEST BENGAL,KALIMPONG,24,0,0.0,0.0,0.0
MEGHALAYA,East Garo Hills,24,0,0.0,0.0,0.0
ARUNACHAL PRADESH,Papum Pare,22,0,0.0,0.0,0.0
MEGHALAYA,West Khasi Hills,22,1,4.55,0.0,0.0
NAGALAND,Zunheboto,21,0,0.0,0.0,0.0
MIZORAM,KHAWZAWL,20,16,80.0,0.0,0.0
NAGALAND,Wokha,17,0,0.0,0.0,0.0
NAGALAND,Phek,17,0,0.0,0.0,0.0
MANIPUR,UKHRUL,16,0,0.0,0.0,0.0
MIZORAM,MAMIT,16,9,56.25,0.0,0.0
MIZORAM,SERCHHIP,16,11,68.75,0.0,0.0
HIMACHAL PRADESH,Lahaul And Spiti,16,1,6.25,0.0,0.0
MIZORAM,SAITUAL,15,12,80.0,0.0,0.0
MADHYA PRADESH,MAUGANJ,15,1,6.67,0.0,0.0
ANDAMAN and NICOBAR ISLANDS,Nicobars,13,2,15.38,0.0,0.0
ARUNACHAL PRADESH,Tirap,13,0,0.0,0.0,0.0
NAGALAND,Peren,10,0,0.0,0.0,0.0
ARUNACHAL PRADESH,Lower Subansiri,10,0,0.0,0.0,0.0
MIZORAM,LAWNGTLAI,9,3,33.33,0.0,0.0
MEGHALAYA,EAST JAINTIA HILLS,9,1,11.11,0.0,0.0
NAGALAND,Niuland,8,1,12.5,0.0,0.0
MEGHALAYA,EASTERN WEST KHASI HILLS,7,0,0.0,0.0,0.0
MANIPUR,TAMENGLONG,7,0,0.0,0.0,0.0
ARUNACHAL PRADESH,NAMSAI,7,0,0.0,0.0,0.0
SIKKIM,Mangan,7,0,0.0,0.0,0.0
MANIPUR,JIRIBAM,6,0,0.0,0.0,0.0
MANIPUR,SENAPATI,6,1,16.67,0.0,0.0
NAGALAND,Mokokchung,6,0,0.0,0.0,0.0
MEGHALAYA,SOUTH WEST KHASI HILLS,5,0,0.0,0.0,0.0
ARUNACHAL PRADESH,LOWER SIANG,5,1,20.0,0.0,0.0
ARUNACHAL PRADESH,East Siang,5,0,0.0,0.0,0.0
ARUNACHAL PRADESH,Upper Subansiri,5,0,0.0,0.0,0.0
ARUNACHAL PRADESH,Changlang,4,0,0.0,0.0,0.0
ARUNACHAL PRADESH,Lower Dibang Valley ,3,0,0.0,0.0,0.0
ARUNACHAL PRADESH,West Siang,3,0,0.0,0.0,0.0
ARUNACHAL PRADESH,EAST KAMENG,3,0,0.0,0.0,0.0
MIZORAM,Hnahthial,2,1,50.0,0.0,0.0
MIZORAM,Siaha,2,0,0.0,0.0,0.0
NAGALAND,Kiphire,2,0,0.0,0.0,0.0
ARUNACHAL PRADESH,Lohit,2,0,0.0,0.0,0.0
ARUNACHAL PRADESH,Tawang,2,0,0.0,0.0,0.0
ARUNACHAL PRADESH,Dibang Valley ,2,0,0.0,0.0,0.0
MANIPUR,TENGNOUPAL,1,0,0.0,0.0,0.0
ARUNACHAL PRADESH,LONGDING,1,0,0.0,0.0,0.0
MANIPUR,CHANDEL,1,0,0.0,0.0,0.0
MANIPUR,KAMJONG,1,0,0.0,0.0,0.0
MANIPUR,NONEY,1,0,0.0,0.0,0.0
ARUNACHAL PRADESH,Kurung Kumey,1,0,0.0,0.0,0.0
ARUNACHAL PRADESH,Kra Daadi,1,0,0.0,0.0,0.0
ANDHRA PRADESH,Anantapur,0,0,0.0,0.0,0.0
ARUNACHAL PRADESH,Bichom,0,0,0.0,0.0,0.0
TAMIL NADU,Thiruvannamalai,0,0,0.0,0.0,0.0
NAGALAND,Longleng,0,0,0.0,0.0,0.0
NAGALAND,Shamator,0,0,0.0,0.0,0.0
NAGALAND,Tseminyu,0,0,0.0,0.0,0.0
NAGALAND,Meluri,0,0,0.0,0.0,0.0
NAGALAND,Noklak,0,0,0.0,0.0,0.0
ARUNACHAL PRADESH,Anjaw,0,0,0.0,0.0,0.0
MANIPUR,PHERZAWL,0,0,0.0,0.0,0.0
ARUNACHAL PRADESH,WEST KAMENG ,0,0,0.0,0.0,0.0
ARUNACHAL PRADESH,Upper Siang,0,0,0.0,0.0,0.0
ARUNACHAL PRADESH,SHI YOMI,0,0,0.0,0.0,0.0
ARUNACHAL PRADESH,SIANG,0,0,0.0,0.0,0.0
ARUNACHAL PRADESH,LEPARADA,0,0,0.0,0.0,0.0
ARUNACHAL PRADESH,Keyi Panyor,0,0,0.0,0.0,0.0
ARUNACHAL PRADESH,KAMLE,0,0,0.0,0.0,0.0
ARUNACHAL PRADESH,PAKKE KESSANG,0,0,0.0,0.0,0.0
