state,district,applications,installations,inspection_approved,subsidy_released,subsidy_redeemed,conversion_rate_pct
ANDAMAN and NICOBAR ISLANDS,Nicobars,13.0,2.0,2.0,2.0,2.0,15.384615384615385
ANDAMAN and NICOBAR ISLANDS,NORTH and MIDDLE ANDAMAN,98.0,22.0,22.0,22.0,22.0,22.448979591836736
ANDAMAN and NICOBAR ISLANDS,South Andamans,581.0,185.0,153.0,151.0,151.0,31.841652323580032
ANDHRA PRADESH,Alluri Sitharama Raju,3425.0,35.0,29.0,22.0,27.0,1.0218978102189782
ANDHRA PRADESH,Anakapalli,16149.0,4529.0,4387.0,3845.0,4163.0,28.04508019072388
ANDHRA PRADESH,Anantapur,0.0,0.0,0.0,0.0,0.0,0.0
ANDHRA PRADESH,Ananthapuramu,44253.0,2416.0,2320.0,2091.0,2205.0,5.459516868912842
ANDHRA PRADESH,Annamayya,44442.0,1537.0,1427.0,1288.0,1383.0,3.4584402142117816
ANDHRA PRADESH,Bapatla,63405.0,4445.0,4285.0,4014.0,4191.0,7.010488131850801
ANDHRA PRADESH,Chittoor,75079.0,1323.0,1234.0,1084.0,1166.0,1.7621438751182088
ANDHRA PRADESH,East Godavari,21096.0,5501.0,5403.0,4835.0,5194.0,26.076033371255214
ANDHRA PRADESH,Eluru,41085.0,6237.0,6143.0,5588.0,5957.0,15.180722891566264
ANDHRA PRADESH,Guntur,106049.0,6856.0,6707.0,6228.0,6500.0,6.464936020141633
ANDHRA PRADESH,Kakinada,18350.0,5808.0,5692.0,5161.0,5461.0,31.65122615803815
ANDHRA PRADESH,Konaseema,9249.0,2948.0,2902.0,2525.0,2723.0,31.87371607741377
ANDHRA PRADESH,Krishna,82717.0,5987.0,5793.0,5449.0,5685.0,7.2379317431725045
ANDHRA PRADESH,Kurnool,89456.0,2117.0,2012.0,1818.0,1947.0,2.366526560543731
ANDHRA PRADESH,Nandyal,106014.0,2775.0,2695.0,2387.0,2570.0,2.6175788103458033
ANDHRA PRADESH,NTR,88781.0,4806.0,4660.0,4198.0,4433.0,5.413320417656931
ANDHRA PRADESH,Palnadu,137592.0,2951.0,2831.0,2529.0,2683.0,2.1447467876039306
ANDHRA PRADESH,Parvathipuram Manyam,9607.0,1462.0,1415.0,1177.0,1298.0,15.218070157177058
ANDHRA PRADESH,Prakasam,55034.0,4519.0,4397.0,4059.0,4253.0,8.211287567685432
ANDHRA PRADESH,Srikakulam,12973.0,4946.0,4850.0,4304.0,4599.0,38.12533723888075
ANDHRA PRADESH,Sri Potti Sriramulu Nellore,65855.0,4121.0,3898.0,3551.0,3723.0,6.257687343405968
ANDHRA PRADESH,Sri Sathya Sai,55406.0,868.0,797.0,708.0,756.0,1.5666173338627587
ANDHRA PRADESH,Tirupati,60893.0,3724.0,3392.0,2958.0,3207.0,6.115645476491551
ANDHRA PRADESH,Visakhapatnam,16221.0,5332.0,5286.0,4780.0,5050.0,32.87096973059614
ANDHRA PRADESH,Vizianagaram,17411.0,5070.0,4927.0,4375.0,4722.0,29.119522141175118
ANDHRA PRADESH,West Godavari,21895.0,4964.0,4923.0,4444.0,4740.0,22.671842886503768
ANDHRA PRADESH,Y.S.R.,62035.0,2094.0,1960.0,1758.0,1884.0,3.375513822841944
ARUNACHAL PRADESH,Anjaw,0.0,0.0,0.0,0.0,0.0,0.0
ARUNACHAL PRADESH,Bichom,0.0,0.0,0.0,0.0,0.0,0.0
ARUNACHAL PRADESH,Changlang,4.0,0.0,0.0,0.0,0.0,0.0
ARUNACHAL PRADESH,Dibang Valley ,2.0,0.0,0.0,0.0,0.0,0.0
ARUNACHAL PRADESH,EAST KAMENG,3.0,0.0,0.0,0.0,0.0,0.0
ARUNACHAL PRADESH,East Siang,5.0,0.0,0.0,0.0,0.0,0.0
ARUNACHAL PRADESH,KAMLE,0.0,0.0,0.0,0.0,0.0,0.0
ARUNACHAL PRADESH,Keyi Panyor,0.0,0.0,0.0,0.0,0.0,0.0
ARUNACHAL PRADESH,Kra Daadi,1.0,0.0,0.0,0.0,0.0,0.0
ARUNACHAL PRADESH,Kurung Kumey,1.0,0.0,0.0,0.0,0.0,0.0
ARUNACHAL PRADESH,LEPARADA,0.0,0.0,0.0,0.0,0.0,0.0
ARUNACHAL PRADESH,Lohit,2.0,0.0,0.0,0.0,0.0,0.0
ARUNACHAL PRADESH,LONGDING,1.0,0.0,0.0,0.0,0.0,0.0
ARUNACHAL PRADESH,Lower Dibang Valley ,3.0,0.0,0.0,0.0,0.0,0.0
ARUNACHAL PRADESH,LOWER SIANG,5.0,1.0,1.0,1.0,1.0,20.0
ARUNACHAL PRADESH,Lower Subansiri,10.0,0.0,0.0,0.0,0.0,0.0
ARUNACHAL PRADESH,NAMSAI,7.0,0.0,0.0,0.0,0.0,0.0
ARUNACHAL PRADESH,PAKKE KESSANG,0.0,0.0,0.0,0.0,0.0,0.0
ARUNACHAL PRADESH,Papum Pare,22.0,0.0,0.0,0.0,0.0,0.0
ARUNACHAL PRADESH,SHI YOMI,0.0,0.0,0.0,0.0,0.0,0.0
ARUNACHAL PRADESH,SIANG,0.0,0.0,0.0,0.0,0.0,0.0
ARUNACHAL PRADESH,Tawang,2.0,0.0,0.0,0.0,0.0,0.0
ARUNACHAL PRADESH,Tirap,13.0,0.0,0.0,0.0,0.0,0.0
ARUNACHAL PRADESH,Upper Siang,0.0,0.0,0.0,0.0,0.0,0.0
ARUNACHAL PRADESH,Upper Subansiri,5.0,0.0,0.0,0.0,0.0,0.0
ARUNACHAL PRADESH,WEST KAMENG ,0.0,0.0,0.0,0.0,0.0,0.0
ARUNACHAL PRADESH,West Siang,3.0,0.0,0.0,0.0,0.0,0.0
ASSAM,BAJALI,2105.0,449.0,399.0,389.0,395.0,21.33016627078385
ASSAM,Baksa,23507.0,4681.0,4198.0,3367.0,3832.0,19.91321733951589
ASSAM,Barpeta,40184.0,8049.0,7477.0,6514.0,6931.0,20.030360342424846
ASSAM,Biswanath,8553.0,2853.0,2751.0,2529.0,2606.0,33.35671694142406
ASSAM,Bongaigaon,23159.0,3800.0,3493.0,2997.0,3187.0,16.408307785310246
ASSAM,Cachar,12344.0,1378.0,1301.0,1148.0,1237.0,11.163318211276733
ASSAM,CHARAIDEO,3723.0,1153.0,1093.0,1011.0,1048.0,30.969648133225892
ASSAM,Chirang,9210.0,1201.0,1132.0,1021.0,1085.0,13.040173724212812
ASSAM,Darrang,29079.0,2254.0,1986.0,1619.0,1785.0,7.751298187695587
ASSAM,Dhemaji,16100.0,2546.0,2386.0,2047.0,2251.0,15.813664596273291
ASSAM,Dhubri,47814.0,8131.0,7335.0,6106.0,6809.0,17.00547956665412
ASSAM,Dibrugarh,6374.0,1153.0,1104.0,967.0,1070.0,18.089112017571384
ASSAM,Dima Hasao,4237.0,471.0,401.0,286.0,341.0,11.11635591220203
ASSAM,Goalpara,20656.0,4598.0,4212.0,3530.0,3965.0,22.25987606506584
ASSAM,Golaghat,13307.0,2193.0,2054.0,1756.0,1959.0,16.480048094987602
ASSAM,Hailakandi,8636.0,444.0,385.0,281.0,327.0,5.141269106067623
ASSAM,HOJAI,26187.0,5166.0,4984.0,4146.0,4614.0,19.727345629510825
ASSAM,Jorhat,11170.0,4257.0,4164.0,3746.0,4017.0,38.111011638316924
ASSAM,Kamrup,23675.0,1900.0,1769.0,1436.0,1643.0,8.025343189017951
ASSAM,Kamrup Metro,10927.0,3653.0,3530.0,3136.0,3367.0,33.430950855678596
ASSAM,Karbi Anglong,14445.0,1837.0,1629.0,1225.0,1433.0,12.717203184492904
ASSAM,Karimganj,10579.0,972.0,930.0,822.0,908.0,9.18801398998015
ASSAM,Kokrajhar,12400.0,2806.0,2652.0,2159.0,2400.0,22.629032258064516
ASSAM,Lakhimpur,20770.0,4552.0,4230.0,3842.0,4076.0,21.916225324987966
ASSAM,MAJULI,2120.0,305.0,287.0,182.0,239.0,14.38679245283019
ASSAM,Marigaon,16535.0,2258.0,2141.0,1675.0,1892.0,13.655881463562142
ASSAM,Nagaon,33308.0,4687.0,4497.0,3833.0,4201.0,14.071694487810738
ASSAM,Nalbari,10210.0,1280.0,1239.0,1059.0,1179.0,12.536728697355533
ASSAM,SIVASAGAR,4380.0,1101.0,1087.0,987.0,1048.0,25.136986301369863
ASSAM,Sonitpur,13148.0,2066.0,1958.0,1675.0,1853.0,15.713416489199878
ASSAM,SOUTH SALMARA MANCACHAR,6411.0,1276.0,1216.0,927.0,1037.0,19.903291218218687
ASSAM,TAMULPUR,3440.0,135.0,133.0,120.0,127.0,3.9244186046511627
ASSAM,Tinsukia,6531.0,1272.0,1196.0,1017.0,1128.0,19.47634359209922
ASSAM,Udalguri,10264.0,731.0,658.0,485.0,580.0,7.121979734996104
ASSAM,WEST KARBI ANGLONG,2487.0,423.0,399.0,355.0,371.0,17.008443908323283
BIHAR,Araria,545.0,29.0,28.0,27.0,28.0,5.321100917431193
BIHAR,ARWAL,268.0,68.0,66.0,64.0,64.0,25.37313432835821
BIHAR,Aurangabad,717.0,123.0,117.0,112.0,115.0,17.154811715481173
BIHAR,Banka,953.0,81.0,77.0,74.0,75.0,8.499475341028331
BIHAR,Begusarai,1303.0,310.0,304.0,280.0,300.0,23.791250959324636
BIHAR,Bhagalpur,2370.0,806.0,782.0,742.0,772.0,34.0084388185654
BIHAR,Bhojpur,1155.0,253.0,250.0,226.0,243.0,21.904761904761905
BIHAR,Buxar,639.0,89.0,84.0,81.0,82.0,13.928012519561817
BIHAR,Darbhanga,1609.0,292.0,277.0,263.0,276.0,18.14791796146675
BIHAR,Gaya,1995.0,642.0,625.0,595.0,614.0,32.180451127819545
BIHAR,Gopalganj,831.0,87.0,81.0,73.0,78.0,10.469314079422382
BIHAR,Jamui,535.0,74.0,73.0,66.0,70.0,13.831775700934578
BIHAR,Jehanabad,352.0,91.0,86.0,80.0,84.0,25.85227272727273
BIHAR,Kaimur Bhabua,2519.0,103.0,99.0,87.0,96.0,4.088924176260421
BIHAR,Katihar,713.0,66.0,64.0,56.0,60.0,9.256661991584853
BIHAR,Khagaria,691.0,91.0,87.0,83.0,85.0,13.16931982633864
BIHAR,Kishanganj,352.0,46.0,45.0,42.0,43.0,13.068181818181818
BIHAR,Lakhisarai,414.0,51.0,49.0,45.0,49.0,12.318840579710146
BIHAR,Madhepura,921.0,76.0,68.0,56.0,63.0,8.251900108577633
BIHAR,Madhubani,1277.0,112.0,109.0,105.0,106.0,8.770555990602976
BIHAR,Munger,700.0,206.0,192.0,185.0,190.0,29.428571428571427
BIHAR,Muzaffarpur,3583.0,915.0,883.0,832.0,867.0,25.537259279933018
BIHAR,Nalanda,2181.0,982.0,959.0,915.0,948.0,45.02521779000458
BIHAR,Nawada,1041.0,257.0,251.0,223.0,248.0,24.687800192122957
BIHAR,Pashchim Champaran,2369.0,277.0,264.0,238.0,258.0,11.692697340650064
BIHAR,Patna,10740.0,6231.0,6078.0,5766.0,6001.0,58.01675977653631
BIHAR,PURBI CHAMPARAN,2093.0,341.0,329.0,316.0,324.0,16.292403248924987
BIHAR,Purnia,1448.0,182.0,172.0,162.0,167.0,12.569060773480665
BIHAR,Rohtas,1271.0,262.0,251.0,235.0,248.0,20.61369000786782
BIHAR,Saharsa,563.0,75.0,71.0,66.0,69.0,13.321492007104796
BIHAR,Samastipur,3926.0,533.0,516.0,494.0,511.0,13.57615894039735
BIHAR,Saran,1631.0,246.0,237.0,222.0,233.0,15.08277130594727
BIHAR,Sheikhpura,289.0,56.0,56.0,55.0,56.0,19.377162629757784
BIHAR,Sheohar,224.0,27.0,27.0,26.0,27.0,12.053571428571429
BIHAR,Sitamarhi,1911.0,462.0,444.0,409.0,438.0,24.175824175824175
BIHAR,Siwan,964.0,96.0,91.0,82.0,89.0,9.95850622406639
BIHAR,Supaul,857.0,125.0,119.0,107.0,113.0,14.585764294049008
BIHAR,Vaishali,2421.0,523.0,506.0,487.0,501.0,21.602643535729037
CHANDIGARH,Chandigarh,1553.0,1037.0,853.0,769.0,815.0,66.77398583386993
CHHATTISGARH,BALOD,2715.0,617.0,538.0,390.0,493.0,22.7255985267035
CHHATTISGARH,Balodabazar-Bhatapara,10475.0,1940.0,1772.0,1279.0,1626.0,18.520286396181383
CHHATTISGARH,Balrampur-Ramanujganj,535.0,107.0,81.0,47.0,72.0,20.0
CHHATTISGARH,Bastar,3346.0,347.0,299.0,198.0,258.0,10.37059175134489
CHHATTISGARH,BEMETARA,6659.0,587.0,489.0,332.0,443.0,8.815137408019222
CHHATTISGARH,Bijapur,212.0,16.0,16.0,13.0,15.0,7.547169811320755
CHHATTISGARH,Bilaspur,6209.0,2142.0,1887.0,1419.0,1681.0,34.49830890642615
CHHATTISGARH,Dakshin Bastar Dantewada,958.0,0.0,0.0,0.0,0.0,0.0
CHHATTISGARH,Dantewada,121.0,20.0,16.0,8.0,11.0,16.528925619834713
CHHATTISGARH,Dhamtari,5982.0,1547.0,1462.0,1018.0,1298.0,25.86091608157807
CHHATTISGARH,Durg,10319.0,4697.0,4363.0,3444.0,4051.0,45.51797654811513
CHHATTISGARH,GARIYABAND,3067.0,760.0,641.0,428.0,557.0,24.7799152266058
CHHATTISGARH,Gaurella Pendra Marwahi,971.0,44.0,40.0,31.0,37.0,4.531410916580844
CHHATTISGARH,Janjgir Champa,2949.0,1073.0,969.0,648.0,866.0,36.38521532722957
CHHATTISGARH,Jashpur,1387.0,177.0,135.0,83.0,116.0,12.761355443403028
CHHATTISGARH,Kabeerdham,1501.0,129.0,97.0,60.0,73.0,8.594270486342438
CHHATTISGARH,Kanker,587.0,300.0,223.0,138.0,187.0,51.10732538330494
CHHATTISGARH,KHAIRGARH CHHUIKHADAN GANDAI,1493.0,154.0,127.0,85.0,116.0,10.314802411252511
CHHATTISGARH,KONDAGAON,3704.0,597.0,543.0,382.0,440.0,16.117710583153347
CHHATTISGARH,Korba,4615.0,842.0,763.0,557.0,677.0,18.244853737811482
CHHATTISGARH,Korea,683.0,109.0,100.0,62.0,83.0,15.95900439238653
CHHATTISGARH,Mahasamund,6680.0,2237.0,1964.0,1587.0,1831.0,33.48802395209581
CHHATTISGARH,MANENDRAGARH CHIRIMIRI BHARATPUR,306.0,56.0,48.0,29.0,36.0,18.30065359477124
CHHATTISGARH,MOHLA MANPUR AMBAGARH CHOUKI,3076.0,83.0,80.0,39.0,69.0,2.698309492847854
CHHATTISGARH,MUNGELI,13725.0,189.0,153.0,93.0,130.0,1.377049180327869
CHHATTISGARH,Narayanpur,399.0,77.0,58.0,44.0,55.0,19.298245614035086
CHHATTISGARH,Raigarh,4430.0,1363.0,1219.0,1004.0,1168.0,30.767494356659142
CHHATTISGARH,Raipur,19068.0,7189.0,6641.0,5059.0,5806.0,37.70190895741556
CHHATTISGARH,Rajnandgaon,7995.0,1227.0,1168.0,830.0,995.0,15.347091932457785
CHHATTISGARH,SAKTI,752.0,297.0,271.0,220.0,252.0,39.494680851063826
CHHATTISGARH,SARANGARH BILAIGARH,9140.0,626.0,546.0,384.0,492.0,6.849015317286653
CHHATTISGARH,Sukma,240.0,34.0,22.0,13.0,20.0,14.166666666666666
CHHATTISGARH,SURAJPUR,1025.0,105.0,91.0,65.0,83.0,10.24390243902439
CHHATTISGARH,Surguja,1694.0,567.0,518.0,418.0,484.0,33.47107438016529
CHHATTISGARH,Uttar Bastar Kanker,1755.0,0.0,0.0,0.0,0.0,0.0
GOA,NORTH GOA,1449.0,739.0,637.0,569.0,614.0,51.00069013112491
GOA,SOUTH GOA,1541.0,934.0,838.0,769.0,816.0,60.60999351070734
GUJARAT,Ahmedabad,78354.0,65724.0,65023.0,63290.0,64613.0,83.88084845700283
GUJARAT,Amreli,16259.0,14307.0,14024.0,13526.0,13922.0,87.99434159542407
GUJARAT,Anand,22094.0,18482.0,18214.0,17575.0,18061.0,83.6516701366887
GUJARAT,Arvalli,4856.0,4023.0,3956.0,3808.0,3925.0,82.84596375617792
GUJARAT,Banas Kantha,23850.0,18890.0,18409.0,17420.0,18181.0,79.20335429769392
GUJARAT,Bharuch,18615.0,15954.0,15717.0,15247.0,15558.0,85.70507655116842
GUJARAT,Bhavnagar,29691.0,24719.0,24160.0,23161.0,23852.0,83.25418476979556
GUJARAT,Botad,6162.0,5748.0,5676.0,5595.0,5650.0,93.28140214216164
GUJARAT,Chhotaudepur,1036.0,650.0,626.0,591.0,616.0,62.74131274131274
GUJARAT,Dahod,2849.0,1937.0,1860.0,1769.0,1823.0,67.98876798876799
GUJARAT,Dangs,175.0,115.0,114.0,109.0,111.0,65.71428571428571
GUJARAT,Devbhoomi Dwarka,1802.0,1542.0,1520.0,1471.0,1504.0,85.5715871254162
GUJARAT,Gandhinagar,14265.0,12126.0,11966.0,11523.0,11830.0,85.00525762355416
GUJARAT,Gir Somnath,8012.0,7036.0,6926.0,6681.0,6894.0,87.81827259111333
GUJARAT,Jamnagar,20771.0,18217.0,17769.0,17296.0,17665.0,87.70401039911415
GUJARAT,Junagadh,31440.0,26824.0,26066.0,24444.0,25817.0,85.31806615776082
GUJARAT,Kachchh,18256.0,15692.0,15214.0,14622.0,15093.0,85.95530236634531
GUJARAT,Kheda,13914.0,11675.0,11448.0,11008.0,11359.0,83.90829380480092
GUJARAT,Mahesana,29843.0,25326.0,24839.0,23540.0,24668.0,84.86412223972121
GUJARAT,Mahisagar,2749.0,2126.0,2059.0,1902.0,2032.0,77.33721353219353
GUJARAT,Morbi,12185.0,11235.0,11074.0,10765.0,11020.0,92.20352892901109
GUJARAT,Narmada,1533.0,1083.0,1049.0,941.0,1000.0,70.64579256360078
GUJARAT,Navsari,10413.0,9111.0,9006.0,8645.0,8933.0,87.49639873235378
GUJARAT,Panch Mahals,6695.0,5396.0,5302.0,5067.0,5239.0,80.59746079163554
GUJARAT,Patan,12232.0,9767.0,9586.0,9037.0,9460.0,79.84793982995421
GUJARAT,Porbandar,7502.0,6423.0,6290.0,5948.0,6213.0,85.61716875499866
GUJARAT,Rajkot,68310.0,61600.0,60234.0,58149.0,59968.0,90.17713365539453
GUJARAT,Sabar Kantha,20231.0,17124.0,16815.0,15934.0,16686.0,84.64238050516533
GUJARAT,Surat,80845.0,71030.0,69911.0,67462.0,69541.0,87.85948419815696
GUJARAT,Surendranagar,14184.0,12546.0,12246.0,11665.0,12135.0,88.4517766497462
GUJARAT,Tapi,2479.0,1745.0,1702.0,1610.0,1667.0,70.39128680919727
GUJARAT,Vadodara,55822.0,47100.0,46380.0,44680.0,45901.0,84.37533588907598
GUJARAT,Valsad,9635.0,8121.0,8040.0,7700.0,7956.0,84.28645563051376
HARYANA,Ambala,5870.0,3892.0,3814.0,3571.0,3749.0,66.30323679727428
HARYANA,Bhiwani,4805.0,1879.0,1838.0,1731.0,1825.0,39.105098855359
HARYANA,Charkhi Dadri,1675.0,413.0,401.0,385.0,398.0,24.65671641791045
HARYANA,Faridabad,3089.0,883.0,853.0,755.0,807.0,28.585302686953707
HARYANA,Fatehabad,5703.0,2539.0,2485.0,2295.0,2434.0,44.52042784499387
HARYANA,GURUGRAM,5078.0,2793.0,2740.0,2565.0,2686.0,55.0019692792438
HARYANA,Hisar,8930.0,3538.0,3430.0,3205.0,3375.0,39.61926091825308
HARYANA,Jhajjar,4677.0,2095.0,1921.0,1744.0,1869.0,44.79367115672439
HARYANA,Jind,4688.0,1429.0,1355.0,1256.0,1333.0,30.4820819112628
HARYANA,Kaithal,6625.0,3445.0,3365.0,3089.0,3302.0,52.0
HARYANA,Karnal,6987.0,3483.0,3407.0,3161.0,3319.0,49.849720910261915
HARYANA,Kurukshetra,6424.0,4224.0,4168.0,3854.0,4094.0,65.75342465753424
HARYANA,Mahendragarh,3057.0,1098.0,1060.0,993.0,1047.0,35.91756624141315
HARYANA,NUH,1238.0,301.0,292.0,264.0,273.0,24.31340872374798
HARYANA,Palwal,1872.0,431.0,414.0,361.0,394.0,23.023504273504273
HARYANA,Panchkula,3095.0,1402.0,1347.0,1225.0,1303.0,45.29886914378029
HARYANA,Panipat,5844.0,1982.0,1943.0,1690.0,1851.0,33.91512662559891
HARYANA,Rewari,8446.0,4809.0,4726.0,4447.0,4666.0,56.938195595548194
HARYANA,Rohtak,5839.0,3609.0,3491.0,3283.0,3439.0,61.80852885768111
HARYANA,Sirsa,9265.0,4035.0,3915.0,3607.0,3860.0,43.55099838100378
HARYANA,Sonipat,5268.0,2222.0,2160.0,2030.0,2123.0,42.17919514047077
HARYANA,Yamunanagar,7026.0,3944.0,3826.0,3540.0,3774.0,56.13435809849132
HIMACHAL PRADESH,Bilaspur,1256.0,764.0,724.0,669.0,711.0,60.828025477707
HIMACHAL PRADESH,Chamba,690.0,334.0,280.0,262.0,278.0,48.40579710144928
HIMACHAL PRADESH,Hamirpur,2003.0,1393.0,1285.0,1227.0,1274.0,69.54568147778333
HIMACHAL PRADESH,Kangra,2399.0,1435.0,1382.0,1317.0,1373.0,59.81659024593581
HIMACHAL PRADESH,Kinnaur,41.0,15.0,14.0,14.0,14.0,36.58536585365854
HIMACHAL PRADESH,Kullu,287.0,101.0,93.0,86.0,89.0,35.19163763066202
HIMACHAL PRADESH,Lahaul And Spiti,16.0,1.0,1.0,1.0,1.0,6.25
HIMACHAL PRADESH,Mandi,1366.0,809.0,767.0,724.0,754.0,59.22401171303074
HIMACHAL PRADESH,Shimla,622.0,201.0,188.0,167.0,182.0,32.31511254019293
HIMACHAL PRADESH,Sirmaur,1025.0,551.0,513.0,498.0,506.0,53.75609756097561
HIMACHAL PRADESH,Solan,1048.0,507.0,450.0,400.0,434.0,48.37786259541985
HIMACHAL PRADESH,Una,1127.0,756.0,715.0,669.0,710.0,67.08074534161491
JAMMU and KASHMIR,Anantnag,4764.0,1532.0,1375.0,1214.0,1350.0,32.157850545759864
JAMMU and KASHMIR,BANDIPORA,2219.0,632.0,602.0,526.0,587.0,28.481297881928796
JAMMU and KASHMIR,BARAMULLA,5449.0,1134.0,1064.0,943.0,1037.0,20.811158010644153
JAMMU and KASHMIR,Budgam,12729.0,1031.0,923.0,796.0,893.0,8.09961505224291
JAMMU and KASHMIR,Doda,3802.0,913.0,833.0,754.0,808.0,24.013677012098896
JAMMU and KASHMIR,Ganderbal,2996.0,550.0,515.0,417.0,484.0,18.357810413885183
JAMMU and KASHMIR,Jammu,8022.0,3517.0,3422.0,3230.0,3381.0,43.84193467963102
JAMMU and KASHMIR,Kathua,2964.0,1349.0,1293.0,1157.0,1257.0,45.51282051282051
JAMMU and KASHMIR,Kishtwar,3174.0,338.0,328.0,299.0,320.0,10.64902331442974
JAMMU and KASHMIR,Kulgam,3574.0,529.0,473.0,408.0,468.0,14.801343033016229
JAMMU and KASHMIR,Kupwara,19823.0,2033.0,1715.0,1389.0,1576.0,10.25576350703728
JAMMU and KASHMIR,POONCH,1853.0,283.0,270.0,249.0,262.0,15.272531030760927
JAMMU and KASHMIR,Pulwama,3301.0,1019.0,939.0,829.0,914.0,30.869433504998483
JAMMU and KASHMIR,RAJOURI,2266.0,750.0,725.0,679.0,717.0,33.097969991173876
JAMMU and KASHMIR,Ramban,1392.0,411.0,390.0,365.0,380.0,29.52586206896552
JAMMU and KASHMIR,Reasi,1566.0,367.0,361.0,333.0,356.0,23.43550446998723
JAMMU and KASHMIR,Samba,2772.0,720.0,692.0,631.0,678.0,25.97402597402597
JAMMU and KASHMIR,SHOPIAN,3118.0,632.0,521.0,407.0,492.0,20.26940346375882
JAMMU and KASHMIR,Srinagar,8467.0,3906.0,3727.0,3369.0,3629.0,46.132042045588754
JAMMU and KASHMIR,Udhampur,3596.0,657.0,637.0,558.0,602.0,18.270300333704114
JHARKHAND,Bokaro,387.0,86.0,82.0,79.0,82.0,22.22222222222222
JHARKHAND,Chatra,397.0,12.0,8.0,8.0,8.0,3.022670025188917
JHARKHAND,Deoghar,617.0,242.0,236.0,205.0,224.0,39.222042139384115
JHARKHAND,Dhanbad,469.0,80.0,70.0,70.0,70.0,17.057569296375267
JHARKHAND,Dumka,180.0,10.0,10.0,10.0,10.0,5.555555555555555
JHARKHAND,EAST SINGHBUM,561.0,177.0,167.0,151.0,163.0,31.550802139037433
JHARKHAND,Garhwa,428.0,47.0,41.0,36.0,40.0,10.981308411214954
JHARKHAND,Giridih,574.0,8.0,6.0,5.0,6.0,1.3937282229965158
JHARKHAND,Godda,178.0,16.0,13.0,11.0,12.0,8.98876404494382
JHARKHAND,Gumla,107.0,8.0,8.0,6.0,8.0,7.476635514018691
JHARKHAND,Hazaribagh,811.0,40.0,38.0,32.0,36.0,4.932182490752158
JHARKHAND,Jamtara,106.0,2.0,2.0,2.0,2.0,1.8867924528301887
JHARKHAND,Khunti,41.0,2.0,2.0,2.0,2.0,4.878048780487805
JHARKHAND,KODERMA,135.0,8.0,7.0,7.0,7.0,5.9259259259259265
JHARKHAND,Latehar,200.0,15.0,13.0,12.0,12.0,7.5
JHARKHAND,Lohardaga,94.0,15.0,14.0,13.0,14.0,15.957446808510639
JHARKHAND,PAKUR,65.0,11.0,11.0,10.0,11.0,16.923076923076923
JHARKHAND,Palamu,312.0,27.0,24.0,21.0,24.0,8.653846153846153
JHARKHAND,Ramgarh,522.0,34.0,31.0,31.0,31.0,6.513409961685824
JHARKHAND,Ranchi,2031.0,788.0,758.0,699.0,747.0,38.79862136878385
JHARKHAND,SAHEBGANJ,100.0,6.0,6.0,6.0,6.0,6.0
JHARKHAND,SARAIKELA KHARSAWAN,72.0,16.0,16.0,16.0,16.0,22.22222222222222
JHARKHAND,Simdega,78.0,4.0,3.0,3.0,3.0,5.128205128205128
JHARKHAND,WEST SINGHBHUM,113.0,19.0,16.0,14.0,16.0,16.8141592920354
KARNATAKA,BAGALKOTE,1277.0,392.0,389.0,375.0,386.0,30.696945967110416
KARNATAKA,BALLARI,1126.0,221.0,217.0,211.0,214.0,19.626998223801063
KARNATAKA,BELAGAVI,26166.0,777.0,748.0,699.0,725.0,2.9695024077046552
KARNATAKA,Bengaluru Rural,3107.0,418.0,411.0,390.0,402.0,13.453492114579982
KARNATAKA,BENGALURU URBAN,10954.0,5540.0,5466.0,5214.0,5330.0,50.57513237173635
KARNATAKA,Bidar,378.0,75.0,73.0,67.0,71.0,19.841269841269842
KARNATAKA,Chamarajanagar,351.0,59.0,58.0,53.0,56.0,16.80911680911681
KARNATAKA,Chikkaballapura,7465.0,32.0,29.0,26.0,26.0,0.4286671131949095
KARNATAKA,CHIKKAMAGALURU,20360.0,145.0,141.0,135.0,140.0,0.712180746561886
KARNATAKA,Chitradurga,7257.0,111.0,109.0,97.0,103.0,1.5295576684580405
KARNATAKA,Dakshina Kannada,2860.0,2021.0,1984.0,1897.0,1952.0,70.66433566433567
KARNATAKA,DAVANGERE,9318.0,210.0,200.0,183.0,192.0,2.2537025112685125
KARNATAKA,Dharwad,2090.0,590.0,579.0,557.0,569.0,28.22966507177033
KARNATAKA,Gadag,758.0,114.0,114.0,107.0,113.0,15.03957783641161
KARNATAKA,Hassan,10070.0,187.0,170.0,158.0,162.0,1.8570009930486593
KARNATAKA,Haveri,4599.0,129.0,125.0,117.0,123.0,2.804957599478147
KARNATAKA,KALABURAGI,1699.0,212.0,208.0,199.0,204.0,12.477928193054739
KARNATAKA,Kodagu,1194.0,162.0,150.0,140.0,147.0,13.5678391959799
KARNATAKA,Kolar,9519.0,84.0,79.0,72.0,78.0,0.8824456350456981
KARNATAKA,Koppal,2308.0,100.0,99.0,90.0,92.0,4.332755632582322
KARNATAKA,Mandya,2522.0,133.0,127.0,114.0,120.0,5.273592386994449
KARNATAKA,MYSURU,9250.0,1249.0,1221.0,1153.0,1195.0,13.5027027027027
KARNATAKA,Raichur,1548.0,170.0,160.0,139.0,153.0,10.981912144702841
KARNATAKA,Ramanagara,400.0,36.0,35.0,28.0,29.0,9.0
KARNATAKA,SHIVAMOGGA,14079.0,526.0,517.0,488.0,507.0,3.7360607997727113
KARNATAKA,TUMAKURU,4589.0,239.0,228.0,215.0,222.0,5.208106341250817
KARNATAKA,Udupi,1990.0,1221.0,1208.0,1141.0,1182.0,61.35678391959799
KARNATAKA,Uttara Kannada,3689.0,518.0,503.0,480.0,498.0,14.041745730550284
KARNATAKA,Vijayanagara,372.0,113.0,111.0,100.0,106.0,30.376344086021508
KARNATAKA,VIJAYAPURA,969.0,220.0,217.0,209.0,211.0,22.703818369453042
KARNATAKA,Yadgir,218.0,18.0,18.0,16.0,18.0,8.256880733944955
KERALA,Alappuzha,21944.0,15725.0,15154.0,14353.0,14936.0,71.65967918337587
KERALA,Ernakulam,44248.0,33635.0,32558.0,31622.0,32126.0,76.01473512927139
KERALA,Idukki,3094.0,2080.0,1975.0,1925.0,1950.0,67.22689075630252
KERALA,Kannur,18406.0,13745.0,13279.0,12875.0,13116.0,74.67673584700641
KERALA,Kasaragod,8560.0,6028.0,5815.0,5604.0,5757.0,70.42056074766356
KERALA,Kollam,20720.0,15630.0,14975.0,14408.0,14810.0,75.43436293436294
KERALA,Kottayam,15560.0,11659.0,11250.0,10926.0,11143.0,74.9293059125964
KERALA,Kozhikode,18607.0,13197.0,12608.0,12182.0,12469.0,70.924920728758
KERALA,Malappuram,21952.0,15899.0,15093.0,14580.0,14914.0,72.4262026239067
KERALA,Palakkad,16440.0,11986.0,11510.0,11109.0,11385.0,72.90754257907543
KERALA,Pathanamthitta,9174.0,6904.0,6610.0,6403.0,6543.0,75.25615870939612
KERALA,Thiruvananthapuram,27078.0,19793.0,19071.0,18419.0,18857.0,73.09624049043504
KERALA,Thrissur,32069.0,24687.0,23777.0,23088.0,23562.0,76.98088496679036
KERALA,Wayanad,1704.0,1021.0,934.0,907.0,924.0,59.91784037558685
LADAKH,Kargil,397.0,109.0,108.0,104.0,106.0,27.455919395465994
LADAKH,LEH LADAKH,1436.0,1260.0,1208.0,1171.0,1194.0,87.74373259052925
LAKSHADWEEP,Lakshadweep District,1234.0,819.0,785.0,775.0,779.0,66.36952998379255
MADHYA PRADESH,Agar Malwa,421.0,153.0,145.0,131.0,140.0,36.342042755344416
MADHYA PRADESH,Alirajpur,928.0,172.0,172.0,152.0,168.0,18.53448275862069
MADHYA PRADESH,Anuppur,187.0,82.0,77.0,71.0,77.0,43.85026737967914
MADHYA PRADESH,Ashoknagar,1062.0,630.0,610.0,585.0,604.0,59.32203389830508
MADHYA PRADESH,Balaghat,1183.0,715.0,703.0,667.0,693.0,60.43956043956044
MADHYA PRADESH,Barwani,2673.0,1753.0,1734.0,1668.0,1706.0,65.58174335952114
MADHYA PRADESH,Betul,1907.0,1341.0,1294.0,1248.0,1279.0,70.31987414787625
MADHYA PRADESH,Bhind,121.0,35.0,34.0,33.0,34.0,28.92561983471074
MADHYA PRADESH,Bhopal,20286.0,16494.0,16207.0,15684.0,16043.0,81.30730553090801
MADHYA PRADESH,Burhanpur,2003.0,516.0,510.0,471.0,493.0,25.761357963055413
MADHYA PRADESH,Chhatarpur,1666.0,1181.0,1157.0,1107.0,1142.0,70.88835534213686
MADHYA PRADESH,Chhindwara,1876.0,1308.0,1268.0,1209.0,1260.0,69.7228144989339
MADHYA PRADESH,Damoh,1695.0,1214.0,1198.0,1149.0,1190.0,71.62241887905606
MADHYA PRADESH,Datia,336.0,221.0,209.0,205.0,206.0,65.77380952380952
MADHYA PRADESH,Dewas,4780.0,2850.0,2788.0,2669.0,2755.0,59.62343096234309
MADHYA PRADESH,Dhar,3863.0,1844.0,1792.0,1679.0,1757.0,47.73492104581931
MADHYA PRADESH,Dindori,97.0,45.0,42.0,39.0,41.0,46.391752577319586
MADHYA PRADESH,Guna,1498.0,982.0,945.0,875.0,934.0,65.55407209612817
MADHYA PRADESH,Gwalior,6677.0,5160.0,5079.0,4936.0,5029.0,77.28021566571813
MADHYA PRADESH,Harda,1114.0,758.0,746.0,690.0,730.0,68.04308797127469
MADHYA PRADESH,Indore,31081.0,17559.0,17240.0,16640.0,17015.0,56.4943212895338
MADHYA PRADESH,Jabalpur,8751.0,6792.0,6692.0,6499.0,6626.0,77.61398697291739
MADHYA PRADESH,Jhabua,1641.0,353.0,343.0,313.0,326.0,21.511273613650214
MADHYA PRADESH,Katni,1402.0,1015.0,1002.0,961.0,989.0,72.3965763195435
MADHYA PRADESH,Khandwa (East Nimar),1400.0,519.0,494.0,451.0,475.0,37.07142857142857
MADHYA PRADESH,Khargone (West Nimar),5000.0,2200.0,2172.0,2070.0,2149.0,44.0
MADHYA PRADESH,Maihar,80.0,64.0,63.0,63.0,63.0,80.0
MADHYA PRADESH,Mandla,383.0,215.0,207.0,194.0,201.0,56.13577023498695
MADHYA PRADESH,Mandsaur,4190.0,2001.0,1953.0,1823.0,1904.0,47.75656324582339
MADHYA PRADESH,MAUGANJ,15.0,1.0,1.0,1.0,1.0,6.666666666666667
MADHYA PRADESH,Morena,258.0,112.0,101.0,91.0,96.0,43.41085271317829
MADHYA PRADESH,Narmadapuram,2701.0,1906.0,1855.0,1734.0,1818.0,70.56645686782673
MADHYA PRADESH,Narsimhapur,1052.0,802.0,786.0,767.0,780.0,76.23574144486692
MADHYA PRADESH,Neemuch,3496.0,1655.0,1635.0,1480.0,1582.0,47.339816933638446
MADHYA PRADESH,Niwari,72.0,32.0,29.0,29.0,29.0,44.44444444444444
MADHYA PRADESH,Pandhurna,36.0,19.0,19.0,19.0,19.0,52.77777777777778
MADHYA PRADESH,Panna,544.0,303.0,290.0,260.0,277.0,55.69852941176471
MADHYA PRADESH,Raisen,1238.0,731.0,672.0,627.0,653.0,59.04684975767367
MADHYA PRADESH,Rajgarh,703.0,363.0,345.0,314.0,336.0,51.635846372688476
MADHYA PRADESH,Ratlam,5993.0,3159.0,3098.0,2825.0,2977.0,52.7114967462039
MADHYA PRADESH,Rewa,2750.0,1844.0,1800.0,1728.0,1781.0,67.05454545454546
MADHYA PRADESH,Sagar,3099.0,2057.0,2004.0,1913.0,1977.0,66.37625040335593
MADHYA PRADESH,Satna,1841.0,1212.0,1177.0,1128.0,1164.0,65.83378598587724
MADHYA PRADESH,Sehore,2208.0,1409.0,1356.0,1284.0,1341.0,63.81340579710145
MADHYA PRADESH,Seoni,690.0,405.0,398.0,379.0,391.0,58.69565217391305
MADHYA PRADESH,Shahdol,802.0,489.0,481.0,455.0,473.0,60.97256857855362
MADHYA PRADESH,Shajapur,928.0,541.0,520.0,496.0,515.0,58.297413793103445
MADHYA PRADESH,Sheopur,301.0,184.0,163.0,151.0,161.0,61.12956810631229
MADHYA PRADESH,Shivpuri,1024.0,600.0,570.0,535.0,558.0,58.59375
MADHYA PRADESH,Sidhi,285.0,142.0,135.0,131.0,132.0,49.824561403508774
MADHYA PRADESH,Singrauli,759.0,532.0,523.0,508.0,516.0,70.09222661396575
MADHYA PRADESH,Tikamgarh,1091.0,717.0,696.0,661.0,687.0,65.71952337305224
MADHYA PRADESH,Ujjain,6792.0,3543.0,3478.0,3327.0,3435.0,52.16431095406361
MADHYA PRADESH,Umaria,182.0,70.0,65.0,64.0,65.0,38.46153846153847
MADHYA PRADESH,Vidisha,3803.0,2593.0,2480.0,2345.0,2444.0,68.18301341046542
MAHARASHTRA,Ahilyanagar,24075.0,16046.0,15440.0,14655.0,15168.0,66.65005192107995
MAHARASHTRA,Akola,17407.0,11802.0,11242.0,10634.0,11023.0,67.80031022002643
MAHARASHTRA,Amravati,37653.0,26166.0,25192.0,23738.0,24698.0,69.49247071946458
MAHARASHTRA,BEED,9276.0,6046.0,5787.0,5340.0,5632.0,65.17895644674428
MAHARASHTRA,Bhandara,11669.0,8271.0,7857.0,7374.0,7675.0,70.88010969234725
MAHARASHTRA,BULDHANA,21404.0,14126.0,13716.0,13101.0,13519.0,65.99700990469071
MAHARASHTRA,Chandrapur,17207.0,11350.0,10820.0,10182.0,10577.0,65.9615272854071
MAHARASHTRA,Chhatrapati Sambhajinagar,43833.0,30175.0,28997.0,27478.0,28547.0,68.84082768690256
MAHARASHTRA,Dharashiv,4845.0,2932.0,2786.0,2657.0,2756.0,60.515995872033024
MAHARASHTRA,Dhule,17275.0,13048.0,12709.0,12254.0,12565.0,75.53111432706223
MAHARASHTRA,Gadchiroli,4064.0,2447.0,2274.0,2131.0,2220.0,60.21161417322835
MAHARASHTRA,GONDIA,9041.0,5791.0,5377.0,4935.0,5174.0,64.05264904324743
MAHARASHTRA,Hingoli,3951.0,2614.0,2572.0,2395.0,2473.0,66.16046570488484
MAHARASHTRA,Jalgaon,40971.0,31032.0,29856.0,28205.0,29535.0,75.74137804788754
MAHARASHTRA,Jalna,12012.0,7438.0,7182.0,6481.0,7021.0,61.92141192141192
MAHARASHTRA,Kolhapur,25365.0,18926.0,18440.0,17100.0,18177.0,74.61462645377489
MAHARASHTRA,Latur,16616.0,10599.0,10297.0,9360.0,10120.0,63.78791526239769
MAHARASHTRA,Mumbai,241.0,127.0,119.0,101.0,108.0,52.69709543568465
MAHARASHTRA,Mumbai Suburban,758.0,385.0,363.0,314.0,353.0,50.79155672823219
MAHARASHTRA,Nagpur,88092.0,65385.0,63138.0,58851.0,61773.0,74.22353902738047
MAHARASHTRA,Nanded,12234.0,7656.0,7394.0,6611.0,7190.0,62.579695929377145
MAHARASHTRA,Nandurbar,8395.0,5807.0,5673.0,5183.0,5600.0,69.1721262656343
MAHARASHTRA,Nashik,40146.0,27757.0,26298.0,25249.0,25901.0,69.14013849449509
MAHARASHTRA,PALGHAR,3111.0,2060.0,2029.0,1928.0,1993.0,66.21665059466409
MAHARASHTRA,Parbhani,8844.0,6003.0,5782.0,5414.0,5651.0,67.87652645861601
MAHARASHTRA,Pune,44369.0,30839.0,29733.0,28182.0,29058.0,69.50573598683766
MAHARASHTRA,RAIGAD,8803.0,5682.0,5440.0,4997.0,5263.0,64.54617743950925
MAHARASHTRA,Ratnagiri,2517.0,1687.0,1650.0,1584.0,1624.0,67.02423520063567
MAHARASHTRA,Sangli,17195.0,11489.0,11081.0,10593.0,10915.0,66.81593486478627
MAHARASHTRA,Satara,13604.0,7926.0,7688.0,7325.0,7551.0,58.26227580123493
MAHARASHTRA,Sindhudurg,2104.0,1285.0,1207.0,1092.0,1141.0,61.07414448669202
MAHARASHTRA,Solapur,22693.0,15511.0,15096.0,14269.0,14756.0,68.35147402282642
MAHARASHTRA,Thane,4191.0,2568.0,2496.0,2390.0,2451.0,61.27415891195419
MAHARASHTRA,Wardha,20524.0,13619.0,13079.0,12440.0,12870.0,66.35646072890275
MAHARASHTRA,Washim,8128.0,5496.0,5274.0,4996.0,5172.0,67.61811023622047
MAHARASHTRA,Yavatmal,16184.0,10672.0,10158.0,9550.0,9878.0,65.94167078596145
MANIPUR,BISHNUPUR,69.0,16.0,16.0,16.0,16.0,23.18840579710145
MANIPUR,CHANDEL,1.0,0.0,0.0,0.0,0.0,0.0
MANIPUR,CHURACHANDPUR,37.0,6.0,6.0,6.0,6.0,16.216216216216218
MANIPUR,IMPHAL EAST,411.0,229.0,220.0,210.0,216.0,55.71776155717762
MANIPUR,IMPHAL WEST,783.0,454.0,437.0,424.0,434.0,57.98212005108557
MANIPUR,JIRIBAM,6.0,0.0,0.0,0.0,0.0,0.0
MANIPUR,KAKCHING,54.0,21.0,21.0,21.0,21.0,38.88888888888889
MANIPUR,KAMJONG,1.0,0.0,0.0,0.0,0.0,0.0
MANIPUR,KANGPOKPI,147.0,42.0,42.0,39.0,41.0,28.57142857142857
MANIPUR,NONEY,1.0,0.0,0.0,0.0,0.0,0.0
MANIPUR,PHERZAWL,0.0,0.0,0.0,0.0,0.0,0.0
MANIPUR,SENAPATI,6.0,1.0,0.0,0.0,0.0,16.666666666666664
MANIPUR,TAMENGLONG,7.0,0.0,0.0,0.0,0.0,0.0
MANIPUR,TENGNOUPAL,1.0,0.0,0.0,0.0,0.0,0.0
MANIPUR,THOUBAL,93.0,24.0,23.0,23.0,23.0,25.806451612903224
MANIPUR,UKHRUL,16.0,0.0,0.0,0.0,0.0,0.0
MEGHALAYA,EASTERN WEST KHASI HILLS,7.0,0.0,0.0,0.0,0.0,0.0
MEGHALAYA,East Garo Hills,24.0,0.0,0.0,0.0,0.0,0.0
MEGHALAYA,EAST JAINTIA HILLS,9.0,1.0,1.0,1.0,1.0,11.11111111111111
MEGHALAYA,East Khasi Hills,73.0,15.0,10.0,9.0,9.0,20.54794520547945
MEGHALAYA,NORTH GARO HILLS,665.0,3.0,3.0,3.0,3.0,0.4511278195488722
MEGHALAYA,Ri Bhoi,46.0,1.0,1.0,1.0,1.0,2.1739130434782608
MEGHALAYA,South Garo Hills,367.0,0.0,0.0,0.0,0.0,0.0
MEGHALAYA,SOUTH WEST GARO HILLS,181.0,3.0,3.0,3.0,3.0,1.6574585635359116
MEGHALAYA,SOUTH WEST KHASI HILLS,5.0,0.0,0.0,0.0,0.0,0.0
MEGHALAYA,West Garo Hills,520.0,2.0,2.0,1.0,2.0,0.38461538461538464
MEGHALAYA,WEST JAINTIA HILLS,36.0,12.0,12.0,12.0,12.0,33.33333333333333
MEGHALAYA,West Khasi Hills,22.0,1.0,0.0,0.0,0.0,4.545454545454546
MIZORAM,AIZAWL,802.0,707.0,676.0,650.0,672.0,88.15461346633417
MIZORAM,CHAMPHAI,26.0,20.0,20.0,15.0,16.0,76.92307692307693
MIZORAM,Hnahthial,2.0,1.0,1.0,1.0,1.0,50.0
MIZORAM,KHAWZAWL,20.0,16.0,16.0,12.0,16.0,80.0
MIZORAM,KOLASIB,48.0,40.0,39.0,29.0,37.0,83.33333333333334
MIZORAM,LAWNGTLAI,9.0,3.0,0.0,0.0,0.0,33.33333333333333
MIZORAM,LUNGLEI,77.0,41.0,30.0,29.0,30.0,53.246753246753244
MIZORAM,MAMIT,16.0,9.0,8.0,8.0,8.0,56.25
MIZORAM,SAITUAL,15.0,12.0,12.0,12.0,12.0,80.0
MIZORAM,SERCHHIP,16.0,11.0,10.0,9.0,10.0,68.75
MIZORAM,Siaha,2.0,0.0,0.0,0.0,0.0,0.0
NAGALAND,Chumoukedima,76.0,27.0,26.0,22.0,25.0,35.526315789473685
NAGALAND,Dimapur,254.0,114.0,112.0,98.0,109.0,44.881889763779526
NAGALAND,Kiphire,2.0,0.0,0.0,0.0,0.0,0.0
NAGALAND,Kohima,95.0,14.0,10.0,9.0,10.0,14.736842105263156
NAGALAND,Longleng,0.0,0.0,0.0,0.0,0.0,0.0
NAGALAND,Meluri,0.0,0.0,0.0,0.0,0.0,0.0
NAGALAND,Mokokchung,6.0,0.0,0.0,0.0,0.0,0.0
NAGALAND,Mon,27.0,0.0,0.0,0.0,0.0,0.0
NAGALAND,Niuland,8.0,1.0,1.0,1.0,1.0,12.5
NAGALAND,Noklak,0.0,0.0,0.0,0.0,0.0,0.0
NAGALAND,Peren,10.0,0.0,0.0,0.0,0.0,0.0
NAGALAND,Phek,17.0,0.0,0.0,0.0,0.0,0.0
NAGALAND,Shamator,0.0,0.0,0.0,0.0,0.0,0.0
NAGALAND,Tseminyu,0.0,0.0,0.0,0.0,0.0,0.0
NAGALAND,Tuensang,44.0,0.0,0.0,0.0,0.0,0.0
NAGALAND,Wokha,17.0,0.0,0.0,0.0,0.0,0.0
NAGALAND,Zunheboto,21.0,0.0,0.0,0.0,0.0,0.0
NCT OF DELHI,Central,328.0,65.0,64.0,58.0,60.0,19.817073170731707
NCT OF DELHI,East,1098.0,375.0,358.0,344.0,356.0,34.15300546448087
NCT OF DELHI,New Delhi,367.0,147.0,136.0,126.0,132.0,40.05449591280654
NCT OF DELHI,North,290.0,100.0,93.0,90.0,91.0,34.48275862068966
NCT OF DELHI,North East,1095.0,321.0,312.0,294.0,304.0,29.315068493150687
NCT OF DELHI,North West,12900.0,2629.0,2322.0,2165.0,2289.0,20.37984496124031
NCT OF DELHI,SHAHDARA,611.0,98.0,91.0,86.0,91.0,16.0392798690671
NCT OF DELHI,South,957.0,469.0,447.0,433.0,444.0,49.00731452455591
NCT OF DELHI,South East,322.0,99.0,96.0,92.0,96.0,30.745341614906835
NCT OF DELHI,South West,2229.0,1045.0,997.0,932.0,979.0,46.88200986989681
NCT OF DELHI,West,1524.0,762.0,739.0,702.0,725.0,50.0
ODISHA,Anugul,4243.0,646.0,629.0,558.0,605.0,15.225076596747583
ODISHA,Balangir,6106.0,1231.0,1058.0,986.0,1046.0,20.16049787094661
ODISHA,Baleshwar,12047.0,2379.0,1885.0,1367.0,1795.0,19.747655017846768
ODISHA,Bargarh,7563.0,2148.0,1799.0,1649.0,1741.0,28.401428004760014
ODISHA,Bhadrak,6186.0,869.0,693.0,576.0,638.0,14.047849983834466
ODISHA,Boudh,1778.0,234.0,213.0,183.0,193.0,13.160854893138357
ODISHA,Cuttack,10500.0,2941.0,2838.0,2541.0,2726.0,28.009523809523813
ODISHA,Deogarh,914.0,172.0,143.0,125.0,133.0,18.818380743982495
ODISHA,Dhenkanal,6088.0,881.0,824.0,752.0,795.0,14.471090670170828
ODISHA,Gajapati,3831.0,130.0,98.0,85.0,89.0,3.393369877316627
ODISHA,Ganjam,21433.0,2488.0,2390.0,1984.0,2248.0,11.608267624690898
ODISHA,Jagatsinghapur,8246.0,904.0,860.0,719.0,817.0,10.962891098714527
ODISHA,Jajapur,7648.0,1466.0,1220.0,916.0,1040.0,19.168410041841007
ODISHA,Jharsuguda,2459.0,882.0,784.0,685.0,732.0,35.868239121594144
ODISHA,Kalahandi,5741.0,1372.0,1257.0,1089.0,1207.0,23.898275561748825
ODISHA,Kandhamal,7067.0,69.0,52.0,32.0,43.0,0.9763690391962643
ODISHA,Kendrapara,4096.0,383.0,362.0,304.0,341.0,9.3505859375
ODISHA,Kendujhar,4700.0,844.0,719.0,599.0,663.0,17.95744680851064
ODISHA,Khordha,13916.0,6095.0,5998.0,5634.0,5882.0,43.798505317620005
ODISHA,Koraput,2215.0,362.0,341.0,293.0,319.0,16.3431151241535
ODISHA,Malkangiri,1256.0,67.0,60.0,51.0,51.0,5.334394904458599
ODISHA,Mayurbhanj,6042.0,1650.0,1349.0,1184.0,1264.0,27.30883813306852
ODISHA,NABARANGPUR,3506.0,138.0,125.0,106.0,115.0,3.936109526525956
ODISHA,Nayagarh,3959.0,650.0,600.0,533.0,584.0,16.418287446324833
ODISHA,Nuapada,4613.0,1349.0,1182.0,926.0,1159.0,29.243442445263383
ODISHA,Puri,5814.0,847.0,781.0,676.0,755.0,14.56828345373237
ODISHA,Rayagada,2357.0,414.0,387.0,343.0,363.0,17.56470089096309
ODISHA,Sambalpur,5247.0,1662.0,1384.0,1196.0,1245.0,31.675242995997717
ODISHA,Sonepur,3203.0,736.0,649.0,565.0,604.0,22.978457695910084
ODISHA,Sundargarh,6495.0,2233.0,1945.0,1697.0,1869.0,34.380292532717476
PUDUCHERRY,Karaikal,288.0,203.0,192.0,187.0,190.0,70.48611111111111
PUDUCHERRY,Mahe,77.0,51.0,50.0,47.0,48.0,66.23376623376623
PUDUCHERRY,Puducherry,2872.0,2104.0,2016.0,1939.0,1997.0,73.25905292479109
PUDUCHERRY,Yanam,183.0,113.0,106.0,85.0,92.0,61.74863387978142
PUNJAB,Amritsar,1271.0,769.0,729.0,717.0,721.0,60.50354051927616
PUNJAB,Barnala,794.0,650.0,641.0,632.0,638.0,81.86397984886649
PUNJAB,Bathinda,1777.0,1157.0,1111.0,1057.0,1091.0,65.10973550928531
PUNJAB,Faridkot,611.0,419.0,399.0,386.0,396.0,68.57610474631751
PUNJAB,Fatehgarh Sahib,315.0,145.0,132.0,128.0,130.0,46.03174603174603
PUNJAB,Fazilka,1063.0,421.0,378.0,350.0,366.0,39.604891815616185
PUNJAB,FEROZEPUR,446.0,201.0,190.0,184.0,185.0,45.06726457399103
PUNJAB,Gurdaspur,743.0,417.0,410.0,397.0,406.0,56.123822341857334
PUNJAB,Hoshiarpur,1097.0,473.0,443.0,403.0,435.0,43.11759343664539
PUNJAB,Jalandhar,1156.0,522.0,487.0,465.0,477.0,45.15570934256055
PUNJAB,Kapurthala,268.0,88.0,77.0,72.0,75.0,32.83582089552239
PUNJAB,Ludhiana,1636.0,780.0,725.0,687.0,704.0,47.67726161369193
PUNJAB,MALERKOTLA,236.0,156.0,149.0,146.0,148.0,66.10169491525424
PUNJAB,Mansa,938.0,603.0,587.0,570.0,581.0,64.28571428571429
PUNJAB,Moga,596.0,364.0,345.0,336.0,342.0,61.07382550335571
PUNJAB,Pathankot,393.0,192.0,183.0,179.0,180.0,48.854961832061065
PUNJAB,Patiala,1983.0,1353.0,1290.0,1274.0,1284.0,68.22995461422087
PUNJAB,Rupnagar,301.0,144.0,135.0,129.0,135.0,47.840531561461795
PUNJAB,Sangrur,1001.0,725.0,697.0,686.0,694.0,72.42757242757243
PUNJAB,S.A.S Nagar,1997.0,1092.0,1027.0,987.0,1003.0,54.68202303455183
PUNJAB,Shahid Bhagat Singh Nagar,212.0,98.0,91.0,91.0,91.0,46.22641509433962
PUNJAB,SRI MUKTSAR SAHIB,791.0,401.0,383.0,352.0,373.0,50.695322376738304
PUNJAB,Tarn Taran,208.0,108.0,108.0,108.0,108.0,51.92307692307693
RAJASTHAN,Ajmer,12277.0,5585.0,5425.0,5097.0,5331.0,45.49156960169422
RAJASTHAN,Alwar,11112.0,3384.0,3270.0,3081.0,3215.0,30.45356371490281
RAJASTHAN,Anoopgarh,689.0,343.0,341.0,333.0,338.0,49.782293178519595
RAJASTHAN,Balotra,1913.0,500.0,473.0,430.0,464.0,26.136957658128594
RAJASTHAN,Banswara,3713.0,922.0,869.0,772.0,840.0,24.83167250201993
RAJASTHAN,Baran,1547.0,742.0,692.0,643.0,688.0,47.963800904977376
RAJASTHAN,Barmer,3697.0,1027.0,959.0,872.0,941.0,27.779280497700835
RAJASTHAN,Beawar,4759.0,1213.0,1167.0,1086.0,1137.0,25.488548014288714
RAJASTHAN,Bharatpur,3731.0,1099.0,1048.0,953.0,1022.0,29.45590994371482
RAJASTHAN,Bhilwara,8352.0,4591.0,4433.0,4205.0,4353.0,54.968869731800766
RAJASTHAN,Bikaner,10432.0,5573.0,5401.0,5050.0,5281.0,53.422162576687114
RAJASTHAN,Bundi,1982.0,768.0,754.0,676.0,732.0,38.74873864783047
RAJASTHAN,CHITTORGARH,6750.0,4458.0,4342.0,4092.0,4245.0,66.04444444444444
RAJASTHAN,Churu,8048.0,3608.0,3445.0,3146.0,3338.0,44.83101391650099
RAJASTHAN,Dausa,3139.0,1288.0,1253.0,1123.0,1207.0,41.03217585218222
RAJASTHAN,Deeg,528.0,161.0,148.0,136.0,144.0,30.492424242424242
RAJASTHAN,DHOLPUR,1510.0,727.0,689.0,605.0,677.0,48.145695364238414
RAJASTHAN,Didwana Kuchaman,4187.0,2011.0,1939.0,1777.0,1879.0,48.0296154764748
RAJASTHAN,Dudu,445.0,8.0,8.0,6.0,6.0,1.7977528089887642
RAJASTHAN,Dungarpur,2178.0,1040.0,1009.0,935.0,997.0,47.750229568411385
RAJASTHAN,Ganganagar,23684.0,12357.0,11978.0,11206.0,11726.0,52.17446377301131
RAJASTHAN,Gangapurcity,366.0,161.0,150.0,148.0,150.0,43.98907103825137
RAJASTHAN,Hanumangarh,15085.0,7960.0,7696.0,7315.0,7597.0,52.76764998342725
RAJASTHAN,Jaipur,47943.0,28071.0,27339.0,25274.0,26684.0,58.55077905012202
RAJASTHAN,Jaipur Gramin,206.0,24.0,23.0,23.0,23.0,11.650485436893204
RAJASTHAN,Jaisalmer,746.0,271.0,265.0,251.0,262.0,36.32707774798928
RAJASTHAN,JALORE,2994.0,1226.0,1162.0,1076.0,1128.0,40.94856379425518
RAJASTHAN,Jhalawar,2075.0,1027.0,984.0,894.0,970.0,49.493975903614455
RAJASTHAN,JHUNJHUNU,12984.0,6300.0,6031.0,5610.0,5897.0,48.52125693160813
RAJASTHAN,Jodhpur,13873.0,7609.0,7391.0,7080.0,7313.0,54.84754559215743
RAJASTHAN,Jodhpur Gramin,67.0,4.0,3.0,3.0,3.0,5.970149253731343
RAJASTHAN,Karauli,1157.0,465.0,440.0,400.0,431.0,40.190146931719966
RAJASTHAN,Kekri,508.0,293.0,293.0,290.0,292.0,57.677165354330704
RAJASTHAN,Khairthal-Tijara,475.0,157.0,149.0,108.0,142.0,33.05263157894737
RAJASTHAN,Kota,8144.0,5002.0,4532.0,4206.0,4434.0,61.419449901768175
RAJASTHAN,Kotputli-Behror,2599.0,948.0,890.0,825.0,883.0,36.47556752597153
RAJASTHAN,Nagaur,3205.0,1743.0,1714.0,1651.0,1705.0,54.38377535101404
RAJASTHAN,Neem Ka Thana,403.0,214.0,212.0,212.0,212.0,53.101736972704714
RAJASTHAN,Pali,5871.0,2696.0,2599.0,2403.0,2523.0,45.92062680974281
RAJASTHAN,Phalodi,1124.0,201.0,195.0,187.0,194.0,17.88256227758007
RAJASTHAN,Pratapgarh,3038.0,1007.0,987.0,923.0,970.0,33.14680710994075
RAJASTHAN,Rajsamand,2896.0,1419.0,1381.0,1293.0,1352.0,48.998618784530386
RAJASTHAN,Salumbar,463.0,159.0,148.0,145.0,148.0,34.34125269978402
RAJASTHAN,Sanchor,482.0,151.0,143.0,136.0,140.0,31.327800829875518
RAJASTHAN,Sawai Madhopur,5790.0,988.0,974.0,895.0,961.0,17.063903281519863
RAJASTHAN,Shahpura,325.0,199.0,195.0,190.0,194.0,61.23076923076923
RAJASTHAN,Sikar,15997.0,8140.0,7818.0,7332.0,7672.0,50.884540851409646
RAJASTHAN,Sirohi,2196.0,1293.0,1244.0,1166.0,1223.0,58.879781420765035
RAJASTHAN,Tonk,3330.0,1019.0,942.0,901.0,937.0,30.600600600600604
RAJASTHAN,Udaipur,10536.0,6927.0,6727.0,6454.0,6624.0,65.74601366742597
SIKKIM,Gangtok,70.0,14.0,12.0,12.0,12.0,20.0
SIKKIM,Gyalshing,82.0,2.0,1.0,1.0,1.0,2.4390243902439024
SIKKIM,Mangan,7.0,0.0,0.0,0.0,0.0,0.0
SIKKIM,Namchi,39.0,7.0,3.0,3.0,3.0,17.94871794871795
SIKKIM,Pakyong,34.0,2.0,2.0,2.0,2.0,5.88235294117647
SIKKIM,Soreng,31.0,2.0,2.0,1.0,1.0,6.451612903225806
TAMIL NADU,Ariyalur,197.0,143.0,139.0,138.0,138.0,72.58883248730965
TAMIL NADU,CHENGALPATTU,5025.0,3996.0,3845.0,3704.0,3793.0,79.52238805970148
TAMIL NADU,Chennai,7200.0,5996.0,5750.0,5531.0,5677.0,83.27777777777777
TAMIL NADU,Coimbatore,8818.0,7533.0,7299.0,7119.0,7248.0,85.42753458834203
TAMIL NADU,Cuddalore,1621.0,1174.0,1135.0,1089.0,1121.0,72.42442936458976
TAMIL NADU,Dharmapuri,629.0,459.0,450.0,438.0,447.0,72.97297297297297
TAMIL NADU,Dindigul,1091.0,812.0,804.0,767.0,789.0,74.42713107241063
TAMIL NADU,Erode,3281.0,2795.0,2722.0,2649.0,2690.0,85.18744285278879
TAMIL NADU,KALLAKURICHI,583.0,404.0,383.0,368.0,381.0,69.2967409948542
TAMIL NADU,Kanchipuram,2263.0,1775.0,1709.0,1651.0,1690.0,78.43570481661511
TAMIL NADU,Kanniyakumari,1534.0,1153.0,1113.0,1064.0,1096.0,75.16297262059975
TAMIL NADU,Karur,1731.0,1595.0,1567.0,1521.0,1556.0,92.14326978625073
TAMIL NADU,Krishnagiri,941.0,639.0,613.0,594.0,603.0,67.90648246546228
TAMIL NADU,Madurai,2788.0,2129.0,2023.0,1946.0,2006.0,76.36298421807749
TAMIL NADU,Mayiladuthurai,401.0,290.0,280.0,269.0,273.0,72.31920199501248
TAMIL NADU,Nagapattinam,319.0,210.0,199.0,189.0,193.0,65.8307210031348
TAMIL NADU,Namakkal,3097.0,2666.0,2578.0,2494.0,2556.0,86.08330642557314
TAMIL NADU,Perambalur,259.0,200.0,195.0,187.0,192.0,77.22007722007721
TAMIL NADU,Pudukkottai,528.0,374.0,358.0,347.0,354.0,70.83333333333334
TAMIL NADU,Ramanathapuram,489.0,310.0,284.0,276.0,279.0,63.394683026584865
TAMIL NADU,Ranipet,654.0,478.0,455.0,440.0,450.0,73.08868501529052
TAMIL NADU,Salem,3353.0,2816.0,2727.0,2646.0,2704.0,83.98449150014912
TAMIL NADU,Sivaganga,741.0,499.0,475.0,451.0,470.0,67.34143049932524
TAMIL NADU,TENKASI,675.0,468.0,460.0,446.0,457.0,69.33333333333334
TAMIL NADU,Thanjavur,2114.0,1659.0,1613.0,1560.0,1598.0,78.47682119205298
TAMIL NADU,Theni,566.0,435.0,425.0,412.0,421.0,76.85512367491167
TAMIL NADU,The Nilgiris,133.0,80.0,79.0,76.0,79.0,60.150375939849624
TAMIL NADU,Thiruvallur,2965.0,2168.0,2060.0,1972.0,2036.0,73.11973018549747
TAMIL NADU,Thiruvannamalai,0.0,0.0,0.0,0.0,0.0,0.0
TAMIL NADU,Thiruvarur,832.0,596.0,577.0,561.0,573.0,71.63461538461539
TAMIL NADU,Thoothukkudi,1502.0,1176.0,1137.0,1090.0,1123.0,78.29560585885486
TAMIL NADU,Tiruchirappalli,3093.0,2503.0,2421.0,2323.0,2388.0,80.92466860653089
TAMIL NADU,Tirunelveli,1526.0,1224.0,1191.0,1153.0,1178.0,80.2096985583224
TAMIL NADU,Tirupathur,426.0,278.0,252.0,238.0,244.0,65.25821596244131
TAMIL NADU,Tiruppur,3048.0,2506.0,2393.0,2315.0,2376.0,82.21784776902888
TAMIL NADU,Tiruvannamalai,1008.0,635.0,615.0,588.0,610.0,62.99603174603175
TAMIL NADU,Vellore,1219.0,874.0,846.0,823.0,839.0,71.69811320754717
TAMIL NADU,Viluppuram,961.0,609.0,555.0,538.0,551.0,63.371488033298654
TAMIL NADU,Virudhunagar,1794.0,1490.0,1442.0,1405.0,1434.0,83.0546265328874
TELANGANA,Adilabad,1344.0,830.0,802.0,761.0,799.0,61.75595238095239
TELANGANA,BHADRADRI KOTHAGUDEM,3744.0,1379.0,1310.0,1205.0,1260.0,36.83226495726496
TELANGANA,HANUMAKONDA,4450.0,1449.0,1406.0,1340.0,1379.0,32.56179775280899
TELANGANA,Hyderabad,3997.0,2318.0,2218.0,2147.0,2183.0,57.99349512134101
TELANGANA,Jagitial,705.0,281.0,264.0,232.0,257.0,39.858156028368796
TELANGANA,JANGOAN,453.0,186.0,166.0,158.0,161.0,41.05960264900662
TELANGANA,JAYASHANKAR BHUPALAPALLY,1082.0,167.0,143.0,137.0,139.0,15.434380776340111
TELANGANA,JOGULAMBA GADWAL,224.0,86.0,78.0,74.0,76.0,38.392857142857146
TELANGANA,KAMAREDDY,433.0,168.0,146.0,136.0,140.0,38.799076212471135
TELANGANA,Karimnagar,3549.0,1454.0,1406.0,1316.0,1358.0,40.96928712313328
TELANGANA,Khammam,16745.0,2156.0,1865.0,1735.0,1812.0,12.8754852194685
TELANGANA,KUMURAM BHEEM ASIFABAD,303.0,85.0,78.0,73.0,74.0,28.052805280528055
TELANGANA,MAHABUBABAD,677.0,200.0,183.0,166.0,178.0,29.542097488921716
TELANGANA,Mahbubnagar,1091.0,287.0,271.0,254.0,264.0,26.306141154903756
TELANGANA,MANCHERIAL,3435.0,755.0,703.0,665.0,692.0,21.97962154294032
TELANGANA,Medak,290.0,118.0,112.0,105.0,108.0,40.689655172413794
TELANGANA,MEDCHAL MALKAJGIRI,7697.0,4357.0,4069.0,3977.0,4023.0,56.60647005326751
TELANGANA,Mulugu,358.0,6.0,5.0,5.0,5.0,1.675977653631285
TELANGANA,NAGARKURNOOL,922.0,589.0,560.0,501.0,524.0,63.882863340563986
TELANGANA,Nalgonda,1906.0,1043.0,964.0,933.0,953.0,54.72193074501573
TELANGANA,Narayanpet,126.0,29.0,27.0,25.0,25.0,23.015873015873016
TELANGANA,Nirmal,484.0,237.0,224.0,212.0,218.0,48.96694214876033
TELANGANA,Nizamabad,2176.0,1223.0,1140.0,1078.0,1116.0,56.20404411764706
TELANGANA,PEDDAPALLI,2227.0,396.0,378.0,356.0,366.0,17.781769196228108
TELANGANA,RAJANNA SIRCILLA,253.0,115.0,106.0,92.0,98.0,45.45454545454545
TELANGANA,RANGA REDDY,7843.0,4653.0,4284.0,4129.0,4216.0,59.32678821879382
TELANGANA,SANGAREDDY,1899.0,991.0,944.0,915.0,933.0,52.18536071616641
TELANGANA,SIDDIPET,754.0,371.0,351.0,341.0,347.0,49.20424403183024
TELANGANA,SURYAPET,1798.0,1063.0,1006.0,959.0,985.0,59.121245828698555
TELANGANA,VIKARABAD,1423.0,216.0,80.0,74.0,76.0,15.1791988756149
TELANGANA,WANAPARTHY,315.0,115.0,98.0,92.0,98.0,36.507936507936506
TELANGANA,WARANGAL,1607.0,704.0,670.0,644.0,662.0,43.80833851897947
TELANGANA,YADADRI BHUVANAGIRI,609.0,188.0,179.0,176.0,176.0,30.870279146141215
THE DADRA AND NAGAR HAVELI AND DAMAN AND DIU,Dadra and Nagar Haveli,570.0,176.0,137.0,120.0,124.0,30.87719298245614
THE DADRA AND NAGAR HAVELI AND DAMAN AND DIU,Daman,1306.0,279.0,274.0,267.0,270.0,21.362940275650843
THE DADRA AND NAGAR HAVELI AND DAMAN AND DIU,Diu,169.0,104.0,100.0,98.0,100.0,61.53846153846154
TRIPURA,Dhalai,682.0,67.0,65.0,57.0,61.0,9.824046920821115
TRIPURA,Gomati,812.0,172.0,148.0,127.0,141.0,21.182266009852217
TRIPURA,Khowai,295.0,73.0,64.0,61.0,63.0,24.74576271186441
TRIPURA,North Tripura,726.0,69.0,66.0,56.0,63.0,9.50413223140496
TRIPURA,Sepahijala,363.0,129.0,126.0,118.0,123.0,35.53719008264463
TRIPURA,South Tripura,613.0,182.0,174.0,157.0,163.0,29.690048939641112
TRIPURA,Unakoti,441.0,80.0,76.0,60.0,74.0,18.140589569160998
TRIPURA,West Tripura,4448.0,1438.0,1402.0,1285.0,1339.0,32.32913669064748
UTTARAKHAND,Almora,1546.0,979.0,967.0,923.0,955.0,63.32470892626132
UTTARAKHAND,Bageshwar,416.0,244.0,227.0,218.0,224.0,58.65384615384615
UTTARAKHAND,Chamoli,706.0,327.0,307.0,291.0,307.0,46.317280453257794
UTTARAKHAND,Champawat,1532.0,1116.0,1061.0,965.0,1042.0,72.84595300261097
UTTARAKHAND,Dehradun,32449.0,22330.0,21484.0,20107.0,21194.0,68.81567999013836
UTTARAKHAND,HARIDWAR,17410.0,9318.0,8804.0,7995.0,8672.0,53.52096496266513
UTTARAKHAND,Nainital,15212.0,10897.0,10588.0,10093.0,10463.0,71.63423612937156
UTTARAKHAND,Pauri Garhwal,6478.0,4572.0,4457.0,4123.0,4379.0,70.57733868477925
UTTARAKHAND,Pithoragarh,1022.0,707.0,679.0,634.0,666.0,69.17808219178082
UTTARAKHAND,Rudraprayag,154.0,99.0,97.0,93.0,96.0,64.28571428571429
UTTARAKHAND,Tehri Garhwal,2308.0,1497.0,1472.0,1392.0,1448.0,64.86135181975736
UTTARAKHAND,Udham Singh Nagar,22164.0,12238.0,11737.0,10970.0,11568.0,55.215665042411125
UTTARAKHAND,Uttarkashi,1196.0,545.0,541.0,446.0,486.0,45.5685618729097
UTTAR PRADESH,Agra,34516.0,13177.0,12033.0,11607.0,11881.0,38.176497856066746
UTTAR PRADESH,Aligarh,9835.0,5374.0,5223.0,4815.0,4990.0,54.64158617183528
UTTAR PRADESH,Ambedkar Nagar,6934.0,3118.0,2978.0,2742.0,2904.0,44.966830112489184
UTTAR PRADESH,Amethi,6311.0,2686.0,2568.0,2405.0,2514.0,42.56060846141658
UTTAR PRADESH,Amroha,11475.0,831.0,733.0,635.0,695.0,7.241830065359476
UTTAR PRADESH,Auraiya,7600.0,1872.0,1811.0,1670.0,1765.0,24.63157894736842
UTTAR PRADESH,AYODHYA,9567.0,4518.0,4253.0,4008.0,4156.0,47.22483537158984
UTTAR PRADESH,Azamgarh,10750.0,2369.0,2309.0,2170.0,2257.0,22.037209302325582
UTTAR PRADESH,Baghpat,3261.0,972.0,951.0,894.0,931.0,29.80680772769089
UTTAR PRADESH,Bahraich,6185.0,2395.0,2327.0,2140.0,2246.0,38.72271624898949
UTTAR PRADESH,Ballia,7560.0,997.0,983.0,908.0,950.0,13.187830687830687
UTTAR PRADESH,Balrampur,3240.0,894.0,864.0,804.0,842.0,27.59259259259259
UTTAR PRADESH,Banda,3976.0,1673.0,1616.0,1573.0,1598.0,42.07746478873239
UTTAR PRADESH,Bara Banki,12429.0,7552.0,7343.0,7019.0,7240.0,60.76112317966047
UTTAR PRADESH,Bareilly,28896.0,15813.0,15344.0,13961.0,14634.0,54.72383720930233
UTTAR PRADESH,BASTI,6886.0,1924.0,1821.0,1666.0,1764.0,27.940749346500144
UTTAR PRADESH,BHADOHI,3666.0,1067.0,1012.0,816.0,955.0,29.105291871249317
UTTAR PRADESH,Bijnor,25216.0,3369.0,3233.0,3075.0,3177.0,13.360564720812182
UTTAR PRADESH,Budaun,4973.0,1158.0,1043.0,935.0,999.0,23.285743012266238
UTTAR PRADESH,Bulandshahr,8709.0,1937.0,1850.0,1742.0,1798.0,22.24135951314732
UTTAR PRADESH,CHANDAULI,6750.0,2629.0,2470.0,2243.0,2399.0,38.94814814814815
UTTAR PRADESH,Chitrakoot,2711.0,895.0,831.0,737.0,794.0,33.013648100331984
UTTAR PRADESH,Deoria,16671.0,1443.0,1372.0,1318.0,1363.0,8.655749505128666
UTTAR PRADESH,Etah,2753.0,1322.0,1279.0,1206.0,1242.0,48.0203414456956
UTTAR PRADESH,Etawah,8265.0,3584.0,3548.0,3371.0,3468.0,43.36358136721113
UTTAR PRADESH,Farrukhabad,9296.0,2922.0,2763.0,2564.0,2673.0,31.4328743545611
UTTAR PRADESH,Fatehpur,5728.0,2378.0,2283.0,2119.0,2226.0,41.51536312849162
UTTAR PRADESH,Firozabad,20356.0,3425.0,3286.0,3038.0,3192.0,16.825505993318924
UTTAR PRADESH,Gautam Buddha Nagar,5491.0,2262.0,2231.0,2146.0,2187.0,41.19468220724822
UTTAR PRADESH,Ghaziabad,24858.0,4916.0,4780.0,4601.0,4708.0,19.776329551854534
UTTAR PRADESH,Ghazipur,7128.0,2216.0,2161.0,2043.0,2130.0,31.088664421997752
UTTAR PRADESH,Gonda,4453.0,1408.0,1322.0,1243.0,1289.0,31.61913316865035
UTTAR PRADESH,Gorakhpur,35895.0,7455.0,7279.0,6917.0,7140.0,20.76890931884664
UTTAR PRADESH,Hamirpur,3876.0,1498.0,1433.0,1369.0,1409.0,38.64809081527348
UTTAR PRADESH,HAPUR,5283.0,1695.0,1621.0,1501.0,1554.0,32.084043157296996
UTTAR PRADESH,Hardoi,21957.0,3348.0,3214.0,3069.0,3157.0,15.247984697363028
UTTAR PRADESH,Hathras,3486.0,1641.0,1607.0,1496.0,1567.0,47.07401032702238
UTTAR PRADESH,Jalaun,6105.0,2247.0,2188.0,2044.0,2151.0,36.8058968058968
UTTAR PRADESH,Jaunpur,8440.0,2108.0,2013.0,1704.0,1893.0,24.976303317535546
UTTAR PRADESH,Jhansi,14492.0,9644.0,9410.0,8822.0,9167.0,66.54706044714325
UTTAR PRADESH,Kannauj,7197.0,1221.0,1175.0,1084.0,1151.0,16.965402250937892
UTTAR PRADESH,Kanpur Dehat,6138.0,498.0,435.0,421.0,427.0,8.113391984359726
UTTAR PRADESH,Kanpur Nagar,36773.0,22496.0,20951.0,19952.0,20415.0,61.175318848067874
UTTAR PRADESH,Kasganj,1980.0,833.0,810.0,743.0,786.0,42.07070707070707
UTTAR PRADESH,Kaushambi,7926.0,1100.0,1043.0,907.0,976.0,13.878374968458237
UTTAR PRADESH,Kheri,21385.0,4238.0,4059.0,3828.0,3972.0,19.817629179331306
UTTAR PRADESH,Kushinagar,52483.0,813.0,748.0,640.0,703.0,1.5490730331726463
UTTAR PRADESH,Lalitpur,3980.0,2843.0,2802.0,2717.0,2780.0,71.4321608040201
UTTAR PRADESH,Lucknow,98923.0,72547.0,71451.0,66863.0,69742.0,73.33683774248658
UTTAR PRADESH,Mahoba,2071.0,1042.0,964.0,887.0,946.0,50.31385803959439
UTTAR PRADESH,Mahrajganj,25869.0,1473.0,1360.0,1137.0,1290.0,5.69407398817117
UTTAR PRADESH,Mainpuri,13197.0,1585.0,1543.0,1425.0,1508.0,12.010305372433129
UTTAR PRADESH,Mathura,22024.0,3475.0,3326.0,3008.0,3213.0,15.778241917907737
UTTAR PRADESH,MAU,6131.0,1587.0,1551.0,1355.0,1509.0,25.884847496330128
UTTAR PRADESH,Meerut,13736.0,6618.0,6425.0,6009.0,6301.0,48.17996505532906
UTTAR PRADESH,Mirzapur,13594.0,3947.0,3868.0,3423.0,3756.0,29.034868324260703
UTTAR PRADESH,Moradabad,20345.0,3431.0,3336.0,3001.0,3233.0,16.864094372081592
UTTAR PRADESH,Muzaffarnagar,14735.0,7340.0,7013.0,6342.0,6761.0,49.8133695283339
UTTAR PRADESH,Pilibhit,9904.0,4034.0,3931.0,3494.0,3796.0,40.73101777059774
UTTAR PRADESH,Pratapgarh,6284.0,2346.0,2216.0,1866.0,2091.0,37.33290897517505
UTTAR PRADESH,PRAYAGRAJ,27145.0,12154.0,11863.0,11043.0,11533.0,44.77435991895376
UTTAR PRADESH,Rae Bareli,60161.0,10305.0,9999.0,9193.0,9814.0,17.129037083825068
UTTAR PRADESH,Rampur,20745.0,4146.0,4029.0,3641.0,3925.0,19.985538684020245
UTTAR PRADESH,Saharanpur,14329.0,5558.0,5377.0,4748.0,5171.0,38.78847093307279
UTTAR PRADESH,SAMBHAL,10626.0,1479.0,1440.0,1298.0,1381.0,13.918690005646528
UTTAR PRADESH,Sant Kabir Nagar,3628.0,594.0,559.0,502.0,541.0,16.37265711135612
UTTAR PRADESH,Shahjahanpur,26662.0,5860.0,5599.0,4841.0,5320.0,21.978846298102166
UTTAR PRADESH,SHAMLI,5547.0,2380.0,2312.0,2059.0,2220.0,42.90607535604831
UTTAR PRADESH,Shrawasti,1910.0,654.0,627.0,523.0,570.0,34.24083769633508
UTTAR PRADESH,Siddharthnagar,5498.0,1235.0,1196.0,1087.0,1169.0,22.462713714077847
UTTAR PRADESH,Sitapur,23433.0,6202.0,5908.0,5453.0,5746.0,26.466948320744248
UTTAR PRADESH,SONBHADRA,6321.0,1820.0,1801.0,1572.0,1738.0,28.792912513842744
UTTAR PRADESH,Sultanpur,5460.0,2472.0,2422.0,2213.0,2363.0,45.27472527472528
UTTAR PRADESH,Unnao,24164.0,5956.0,5791.0,5305.0,5620.0,24.64823704684655
UTTAR PRADESH,Varanasi,65369.0,30225.0,29905.0,27932.0,29372.0,46.23751319432758
WEST BENGAL,Alipurduar,87.0,4.0,0.0,0.0,0.0,4.597701149425287
WEST BENGAL,Bankura,404.0,16.0,0.0,0.0,0.0,3.9603960396039604
WEST BENGAL,Birbhum,416.0,51.0,0.0,0.0,0.0,12.259615384615383
WEST BENGAL,Cooch Behar,200.0,0.0,0.0,0.0,0.0,0.0
WEST BENGAL,Dakshin Dinajpur,145.0,9.0,0.0,0.0,0.0,6.206896551724138
WEST BENGAL,DARJEELING,134.0,8.0,0.0,0.0,0.0,5.970149253731343
WEST BENGAL,HOOGHLY,1013.0,111.0,11.0,11.0,11.0,10.957551826258637
WEST BENGAL,Howrah,391.0,43.0,15.0,15.0,15.0,10.997442455242968
WEST BENGAL,Jalpaiguri,190.0,18.0,0.0,0.0,0.0,9.473684210526317
WEST BENGAL,Jhargram,90.0,6.0,0.0,0.0,0.0,6.666666666666667
WEST BENGAL,KALIMPONG,24.0,0.0,0.0,0.0,0.0,0.0
WEST BENGAL,Kolkata,1391.0,471.0,412.0,354.0,401.0,33.86053199137311
WEST BENGAL,Malda,352.0,4.0,0.0,0.0,0.0,1.1363636363636365
WEST BENGAL,Murshidabad,500.0,27.0,0.0,0.0,0.0,5.4
WEST BENGAL,Nadia,664.0,32.0,0.0,0.0,0.0,4.819277108433735
WEST BENGAL,North 24 Parganas,1522.0,113.0,14.0,14.0,14.0,7.424441524310119
WEST BENGAL,PASCHIM BARDHAMAN,510.0,36.0,0.0,0.0,0.0,7.0588235294117645
WEST BENGAL,Paschim Medinipur,874.0,61.0,0.0,0.0,0.0,6.979405034324943
WEST BENGAL,PURBA BARDHAMAN,750.0,52.0,0.0,0.0,0.0,6.933333333333333
WEST BENGAL,Purba Medinipur,1440.0,42.0,0.0,0.0,0.0,2.9166666666666665
WEST BENGAL,Purulia,193.0,7.0,0.0,0.0,0.0,3.6269430051813467
WEST BENGAL,South 24 Parganas,957.0,62.0,5.0,5.0,5.0,6.478578892371996
WEST BENGAL,Uttar Dinajpur,318.0,68.0,0.0,0.0,0.0,21.38364779874214
